香港交易所代号,股票简称,上市日期
0001,长和,1972年11月1日
0002,中电控股,-
0003,香港中华煤气,1960年4月11日
0004,九龙仓集团,-
0005,汇丰控股,1980年1月2日
0006,电能实业,-
0007,香港金融集团,2000年9月8日
0008,电讯盈科,1994年10月18日
0009,金奥国际,2001年9月12日
0010,恒隆集团,1972年10月12日
0011,恒生银行,1972年6月20日
0012,恒基地产,1981年7月23日
0013,和黄医药,2021年6月30日
0014,希慎兴业,1981年9月18日
0016,新鸿基地产,1972年9月8日
0017,新世界发展,1972年11月23日
0018,东方报业集团,1987年8月18日
0019,太古股份公司Ａ（太古A）,1959年4月14日
0020,商汤科技,2021年12月30日
0021,大中华地产控股,1973年1月2日
0022,茂盛控股,1972年12月14日
0023,东亚银行,1939年1月2日
0025,其士国际,1984年12月5日
0026,中华汽车,1962年1月15日
0027,银河娱乐,1991年10月7日
0028,天安,1987年3月18日
0029,达力集团,1973年1月25日
0030,万隆控股集团,1991年10月9日
0031,航天控股,1981年8月25日
0032,港通控股,1974年7月30日
0033,安山金控,2007年11月19日
0034,九龙建业,1995年7月4日
0035,远东发展,1972年9月21日
0036,远东控股国际,1973年2月12日
0037,远东酒店实业,1979年7月3日
0038,第一拖拉机股份,1997年6月23日
0039,中国北大荒,2001年1月16日
0040,金山科技 (前称金山工业),1984年7月2日
0041,鹰君,1972年10月20日
0042,东北电气,1995年7月6日
0045,大酒店,-
0046,科联系统,1998年5月18日
0048,中国汽车内饰,2010年9月29日
0050,香港小轮（集团）,-
0051,海港企业,1971年2月15日
0052,大快活集团,1991年10月9日
0053,国浩集团,1983年5月3日
0055,中星集团控股,1992年9月10日
0057,震雄集团,1991年10月22日
0058,新威国际,1999年9月3日
0059,天誉置业,1993年11月16日
0060,香港食品投资,1992年12月16日
0061,绿领控股,1999年7月6日
0062,载通,1961年5月1日
0063,中国烯谷集团,1986年2月26日
0064,结好控股,2002年6月6日
0065,弘海高新能源,2001年8月30日
0066,港铁公司,2000年10月5日
0069,香格里拉(亚洲),1993年6月17日
0070,金粤控股 （前称海王集团）,-
0071,美丽华酒店,1970年7月25日
0072,现代传播,2009年9月9日
0073,亚洲果业,2009年11月26日
0075,渝太地产,1984年11月12日
0076,谊砾控股,1984年9月24日
0077,进智公共交通,2004年4月15日
0078,富豪国际,1980年11月6日
0079,世纪建业,1993年7月8日
0080,中国新经济投资,2011年1月6日
0081,中国海外宏洋集团,1984年4月26日
0082,第一视频,1991年10月25日
0083,信和置业,1981年4月8日
0084,宝光实业,1972年10月2日
0085,中电华大科技,1997年7月25日
0086,新鸿基公司,1983年10月3日
0087,太古股份公司Ｂ（太古B）,1973年5月1日
0088,大昌集团,1972年12月11日
0089,大生地产,1973年2月21日
0090,普星能量,2009年7月10日
0091,金禧国际控股,1981年6月29日
0092,冠军科技集团,1992年8月19日
0093,添利工业,1991年10月23日
0094,绿心集团,1988年6月21日
0095,绿景中国地产,2005年12月2日
0096,YUSEI,2005年10月13日
0097,恒基发展,1972年11月6日
0098,兴发铝业,2008年3月31日
0099,王氏国际,1983年12月15日
0101,恒隆地产,1972年10月12日
0102,凯升控股,1994年1月10日
0103,首长宝佳,1992年4月9日
0104,冠亚商业,1987年7月29日
0105,凯联国际,1985年10月24日
0106,朗诗绿色地产,1986年3月24日
0107,四川成渝高速公路,1997年10月7日
0108,国锐地产,1973年2月9日
0110,中国长远,"2000年2月16日 (创业版)
2004年1月26日 (主版)"
0111,信达国际,2000年8月1日
0113,迪生创建,1973年3月15日
0114,兴利集团,1987年4月9日
0115,钧濠集团,1999年10月13日
0116,周生生,1973年4月6日
0117,天利控股,2007年12月21日
0118,大同机械,1988年12月12日
0119,保利置业,1973年8月30日
0120,四海国际,-
0122,鳄鱼恤,1971年
0123,越秀地产,1992年12月15日
0124,粤海置地,1997年8月8日
0125,新兴光学,1999年5月25日
0126,佳宁娜集团,1991年11月1日
0127,华人置业,1987年3月9日
0128,安宁控股,1972年11月16日
0129,泛海国际,1973年1月24日
0130,慕诗国际,2002年2月11日
0131,卓能 (集团),1973年2月9日
0132,中国兴业控股,1973年5月18日
0133,招商局中国基金,1993年7月22日
0135,昆仑能源,1973年3月13日
0136,恒腾网络,1997年9月25日
0137,金辉集团,1991年12月6日
0138,中建富通,1991年11月11日
0139,中国软实力科技,1994年3月15日
0142,第一太平,1988年9月12日
0144,招商局港口,1992年7月15日
0145,建屋贷款,1972年6月29日
0146,太平地毡,1973年11月7日
0147,国际商业结算,1988年6月6日
0148,建滔化工集团,1993年10月8日
0149,中国农产品交易,1973年3月12日
0150,Hypebeast,"2016-04-11 (创业板)
2019年3月8日 (主版)"
0151,中国旺旺,2008年3月26日
0152,深圳国际,1972年9月25日
0154,北京控股环境,1970年1月1日
0156,力宝华润,-
0157,自然美,2002年3月28日
0158,万邦投资,1972年8月29日
0159,布莱克万矿业,1985年7月5日
0160,汉国置业,1972年9月16日
0162,世纪金花,2000年10月23日
0163,英皇国际,1972年11月14日
0164,中国宝力科技,1973年1月26日
0165,中国光大控股,1973年2月26日
0166,新时代能源,1998年10月13日
0167,万威国际,1988年10月21日
0168,青岛啤酒,1993年7月15日
0169,万达酒店发展,2002年6月4日
0171,银建国际,1973年2月23日
0173,嘉华国际,1987年2月6日
0174,盛洋投资,1988年10月5日
0175,吉利汽车,1973年2月23日
0176,先机企业集团,1994年4月27日
0177,江苏宁沪高速公路,1997年6月27日
0178,莎莎国际,-
0179,德昌电机,1984年7月11日
0180,开达集团,1985年5月24日
0181,闽港控股,1973年2月22日
0182,协合新能源,1991年11月27日
0183,宏辉集团,2007年9月5日
0184,激成投资,-
0185,正恒国际,-
0186,敏捷控股,-
0187,京城机电股份,1993年8月6日
0188,新华汇富金融,2000年9月15日
0189,东岳集团,2007年12月10日
0191,丽新国际,-
0193,冠中地产,-
0194,廖创兴企业,-
0195,绿科科技国际,2008年11月12日
0196,宏华集团,2008年3月7日
0197,亨泰,2001年12月3日
0199,德祥地产,1994年3月18日
0200,新濠国际发展,-
0201,华大酒店,-
0202,润中国际,-
0204,中国投资开发,2000年12月12日
0205,财讯传媒,-
0206,TSC集团,2005年12月28日
0207,大悦城地产,-
0209,瀛晟科学,2002年3月6日
0210,达芙妮国际,1995年11月3日
0211,大凌集团,1991年12月5日
0212,南洋集团,-
0213,乐声电子,-
0214,汇汉控股,-
0215,和记电讯香港,2009年5月8日
0216,建业实业,-
0217,中国诚通发展,-
0218,申万宏源,-
0219,顺豪科技,-
0220,统一企业中国,2007年12月17日
0222,闽信集团,-
0223,易生活控股,2002年4月10日
0224,建生国际,-
0225,博富临,-
0226,力宝有限公司,-
0227,第一上海,-
0228,中能控股,2002年2月18日
0229,利民实业,-
0230,五矿地产,-
0232,中国航空工业国际,1991年12月12日
0234,新世纪集团,-
0235,中策集团,-
0236,香港生力啤,-
0237,安全货仓,-
0239,白花油,-
0240,利基控股,-
0241,阿里健康信息,-
0242,信德集团,-
0243,品质国际,-
0244,先施,-
0245,中薇金融控股,-
0247,尖沙咀置业,-
0248,香港通讯国际,2001年11月9日
0250,中国数码信息,-
0251,爪哇控股,-
0252,华信地产财务,-
0253,顺豪资源,-
0254,国家联合资源控股,-
0255,龙记集团,1993年3月5日
0256,冠城钟表珠宝,-
0257,光大环境 (前称：中国光大国际),-
0258,汤臣集团,-
0259,亿都（国际控股）,1993年9月1日
0260,幸福控股（香港）,-
0261,GBA集团,-
0262,迪臣发展国际,1997年6月10日
0264,中联发展控股 (前称：中玺国际),2003年3月12日
0265,东胜中国,-
0266,天德地产,-
0267,中信股份,-
0268,金蝶国际,2001年2月25日
0269,中国资源交通,-
0270,粤海投资,-
0271,亚证地产,-
0272,瑞安房地产,2006年10月4日
0273,茂宸集团,-
0274,中富资源,2000年12月18日
0276,蒙古能源,-
0277,太兴置业,-
0278,华厦置业,-
0279,民众金服,-
0280,景福集团,-
0285,比亚迪电子,2007年12月20日
0286,爱帝宫,-
0287,永发置业,-
0288,万洲国际,2014年8月5日
0289,永安国际,-
0290,中国富强金融,2001年5月3日
0291,华润啤酒,-
0292,泛海酒店,-
0293,国泰航空,-
0294,长江制衣,-
0295,江山控股,-
0296,英皇娱乐酒店,-
0297,中化化肥,1996年9月30日
0298,庄士中国,-
0299,宝新置地 (前称：新体育集团),2004年4月30日
0301,三和精化,2020年1月16日
0302,中手游科技,2019年10月31日
0303,伟易达,-
0305,五菱汽车,-
0306,冠忠巴士,1996年9月25日
0308,香港中旅,1992年11月11日
0309,新华通讯频媒,2003年7月25日
0310,嘉进投资国际,-
0311,联泰控股,2004年7月15日
0312,岁宝百货,2010年11月17日
0313,裕田中国,1993年1月5日
0314,思派健康,2022年12月23日
0315,数码通电讯,1996年10月31日
0316,东方海外国际,-
0317,中船海洋与防务装备股份,-
0318,黄河实业,2001年10月9日
0320,金宝通,2006年10月9日
0321,德永佳集团,1992年8月6日
0322,康师傅控股,1996年2月5日
0323,马鞍山钢铁,-
0326,中国星,1992年11月12日
0327,百富环球,2010年12月20日
0328,爱高集团,1992年11月27日
0329,东建国际,2001年5月9日
0330,思捷环球,1993年12月9日
0331,丰盛机电,2015年12月10日
0332,元亨燃气,1992年9月25日
0333,黛丽斯国际,1991年12月16日
0334,华显光电,1997年6月18日
0335,美建集团,2000年10月18日
0336,华宝国际,1992年1月22日
0337,绿地（香港）,2006年10月10日
0338,上海石油化工股份,-
0339,核心经济投资,2000年7月26日
0340,潼关黄金,1997年3月26日
0341,大家乐集团,-
0342,新海能源,1993年3月3日
0343,文化传信,-
0345,维他奶国际,1994年3月30日
0346,延长石油国际,2001年4月19日
0347,鞍钢股份,1997年7月24日
0348,中国智能健康,1997年9月30日
0351,亚洲能源物流,1992年8月18日
0352,富阳（中国）,2006年7月5日
0353,能源国际投资,2001年7月26日
0354,中软国际,2003年6月20日
0355,世纪城市国际,-
0356,鼎立资本,2002年6月7日
0357,美兰空港 (前称：瑞港集团),2002年11月18日
0358,江西铜业股份,1997年6月12日
0359,海升果汁,2005年11月4日
0360,新焦点,2005年2月28日
0361,顺龙控股,2000年12月20日
0362,中国天化工,2001年5月2日
0363,上海实业控股,1996年5月30日
0365,芯成科技 (前称：紫光科技),2000年10月16日
0366,陆氏集团（越南）,-
0367,庄士机构,-
0368,德合集团,2020年7月17日
0369,永泰地产,-
0370,国华,1996年3月26日
0371,北控水务集团,1993年4月19日
0372,德祥企业,1992年2月13日
0373,联合集团,-
0374,四洲集团,-
0375,YGM贸易,-
0376,云锋金融 (前称：瑞东集团),-
0377,华君控股,1993年4月19日
0378,五龙动力,-
0379,恒嘉融资租赁,2002年11月13日
0380,中国管业 (前称：冠力国际),2000年12月21日
0381,侨雄国际,2001年1月22日
0382,中汇集团,2019年7月16日
0383,中国医疗网络,1991年8月1日
0384,中国燃气,1995年10月20日
0385,建联集团,1993年10月15日
0386,中国石油化工股份,2000年10月19日
0387,力丰（集团）,2003年7月10日
0388,香港交易所,2000年6月27日
0389,通天酒业,2009年11月19日
0390,中国中铁,2007年12月7日
0391,美亚娱乐资讯,1993年10月18日
0392,北京控股,1997年5月29日
0393,旭日企业,1996年9月17日
0396,兴利（香港）,2009年6月22日
0397,权威金融（前称：君阳金融）,1993年10月13日
0398,东方表行集团,1993年10月12日
0399,领航医药及生物科技,2000年8月23日
0400,科通芯城,2014年7月18日
0401,万嘉集团,2013年10月11日
0403,星光集团,1993年3月3日
0405,越秀房产信托基金,2005年12月21日
0406,有利集团,1991年8月29日
0408,叶氏化工集团,1991年8月22日
0410,SOHO中国,2007年10月8日
0411,南顺（香港）,-
0412,中国山东高速金融,1992年4月15日
0413,南华中国,-
0416,锦州银行,2015年12月7日
0417,谢瑞麟珠宝,-
0418,方正控股,1995年12月21日
0419,华谊腾讯娱乐,-
0420,福田实业,-
0422,越南制造加工出口,2007年12月20日
0423,经济日报集团,2005年8月3日
0425,敏实集团,2005年12月1日
0426,万华媒体,2005年10月18日
0428,中国天弓控股 (前称：汇嘉中国),1993年12月14日
0430,东方网库,-
0431,大中华金融,1992年9月16日
0432,盈大地产,1993年9月20日
0433,北方矿业,-
0434,博雅互动,2013年11月12日
0435,阳光房地产基金,2006年12月21日
0436,新宇环保,2000年5月18日
0438,彩虹集团新能源,2004年12月20日
0439,光启科学,1992年3月11日
0440,大新金融,-
0442,海福德集团,2015年3月11日
0444,先施表行,2005年10月17日
0450,鸿兴印刷集团,1992年3月16日
0451,协鑫新能源,1992年3月25日
0455,天大药业,1992年3月30日
0456,新城市建设,-
0458,联亚集团,-
0459,美联工商铺,2001年3月15日
0460,四环医药,2010年10月28日
0464,中国海外诺信 (前称：建福集团),2005年6月16日
0465,富通科技,2009年12月4日
0467,联合能源集团,1992年4月8日
0468,纷美包装,2010年12月9日
0471,中播控股,2005年10月10日
0472,新丝路文旅,-
0474,信铭生命科技,2006年6月6日
0475,中发展控股,2007年4月17日
0476,科轩动力控股 (前称：中国动力控股),1996年5月24日
0479,华建控股,1993年7月21日
0480,香港兴业,-
0482,圣马丁国际,2005年5月12日
0483,包浩斯国际,2005年5月12日
0484,云游,2013年10月3日
0485,中国华星,-
0486,俄罗斯铝业联合公司,2010年1月27日
0487,实德环球,-
0488,丽新发展,-
0489,东风集团股份,2005年12月7日
0491,英皇文化产业,1992年6月10日
0493,国美零售 (前称：国美电器),1992年4月15日
0495,百利大,-
0496,卡森国际,2005年10月20日
0497,资本策略地产,1992年4月15日
0498,蓝河控股 (前称：保华集团),1993年9月21日
0499,青岛控股国际,-
0500,先丰服务,-
0503,朗生医药,2010年5月7日
0505,兴业合金,2007年12月27日
0506,中国食品,-
0508,鼎亿集团投资,-
0509,世纪阳光,2004年2月17日
0510,时富金融服务集团,2000年12月15日
0511,电视广播,-
0512,远大医药,1995年12月19日
0513,恒和集团,-
0515,中华银科技,2006年6月23日
0517,中远海运国际 (香港),1992年2月11日
0518,同得仕（集团）,-
0519,实力建业,-
0520,呷哺呷哺,2014年12月17日
0521,海航国际投资,-
0522,ASM太平洋,-
0524,长城天下,-
0525,广深铁路股份,1996年5月14日
0526,利时集团控股,1995年10月11日
0527,瑞风新能源,2006年6月9日
0528,金达控股,2006年12月12日
0529,新龙国际,1992年8月18日
0530,高银金融,1992年10月8日
0531,顺诚,2005年11月17日
0532,王氏港建国际（集团）,-
0533,金利来集团,1992年9月18日
0535,金地商置,-
0536,贸易通,2005年10月28日
0538,味千（中国）,2007年3月30日
0540,迅捷环球控股,2013年1月15日
0542,富元国际,-
0543,太平洋网络,2007年12月18日
0544,大同集团有限公司,-
0546,阜丰集团,2007年2月8日
0547,数字王国,1992年7月6日
0548,深圳高速公路,1997年3月12日
0550,京基智慧文化,2000年7月20日
0551,裕元集团,1992年7月2日
0552,中国通信服务,2006年12月8日
0553,南京熊猫电子股份,1996年5月2日
0554,汉思能源,1997年5月28日
0556,泛亚环保集团,2007年12月21日
0557,天元医疗,-
0558,力劲科技,2006年10月16日
0559,德泰新能源,1997年1月3日
0560,珠江船务,1997年5月23日
0563,上实城市开发,1993年9月10日
0564,郑州煤机,2012年12月5日
0565,锦艺集团控股,2003年9月10日
0567,大昌微线集团,-
0568,山东墨龙,2004年4月15日
0570,中国中药,1993年4月7日
0571,丰德丽控股,-
0572,中达金融集团,2003年7月2日
0573,稻香控股,2007年6月29日
0574,百信国际,2015年6月19日
0575,寿康集团,1997年5月19日
0576,浙江沪杭甬,1997年5月15日
0579,京能清洁能源,2011年12月22日
0580,赛晶电力电子,2010年10月13日
0581,中国东方集团,2004年3月2日
0582,蓝鼎国际,2002年4月30日
0583,长城环亚控股,1990年6月29日
0585,意马国际,1997年3月10日
0586,海螺创业,2013年12月19日
0587,华瀚健康,2002年12月10日
0588,北京北辰实业股份,1997年5月14日
0589,建中建设,2020年3月18日
0590,六福集团,1997年5月6日
0591,中国高精密,2009年11月13日
0592,堡狮龙,-
0593,梦东方,-
0595,先思行集团,1997年10月3日
0596,浪潮国际,2004年4月29日
0598,中国外运,2003年2月13日
0599,怡邦行控股,2000年4月12日
0600,中国基建投资,1993年10月5日
0601,稀镁科技,1993年1月28日
0602,佳华百货控股,2007年5月21日
0603,中油燃气,1993年5月28日
0604,深圳控股,1997年3月7日
0605,中国金融投资管理,1993年4月7日
0606,中骏商管智慧服务,2021年7月2日
0607,丰盛控股,2002年12月18日
0608,达利国际,-
0609,天德化工,2006年10月27日
0610,惠记集团,1992年8月28日
0611,中国核能科技,1993年2月12日
0612,中国投资基金国际控股,2002年1月2日
0613,梧桐国际,1993年11月12日
0616,高山企业,1991年9月16日
0617,百利保控股,1993年12月17日
0618,北大资源（控股）,1991年10月7日
0619,南华金融,1993年7月16日
0620,大唐西市,1991年9月30日
0621,坛金矿业,1995年12月18日
0622,威华达控股,1991年9月16日
0623,中视金桥,2008年7月8日
0626,大众金融控股,1991年10月3日
0627,福晟国际,2000年11月13日
0628,国美金融科技,2014年3月5日
0629,悦达矿业,2001年11月29日
0630,隽泰控股,1996年11月28日
0631,三一国际,2009年11月25日
0632,东方明珠石油,-
0635,彩星集团,1994年1月6日
0636,嘉里物流,2013年12月19日
0637,利记集团,2006年10月4日
0638,建溢集团,1997年5月1日
0639,首钢资源,1990年10月2日
0640,星谦发展,2010年8月12日
0641,中国恒天立信,1990年10月12日
0643,恒富控股,2000年3月13日
0645,安域亚洲,1993年12月22日
0646,中国环保科技,2002年3月28日
0648,中国华仁医疗,1990年10月29日
0650,IDG能源,1992年10月7日
0651,中海重工,1998年7月23日
0653,卓悦控股,2003年7月16日
0655,香港华人有限公司,1992年10月12日
0656,复星国际,2007年7月16日
0657,环科国际,1992年10月30日
0658,中国高速传动,2007年7月4日
0659,新创建集团,1997年4月25日
0660,伟俊生物科技,1993年2月5日
0661,大冶有色金属矿业,1990年11月21日
0662,亚洲金融集团,1991年9月16日
0663,金山能源,1990年11月30日
0665,海通国际,1996年8月6日
0667,中国东方教育,2019年6月12日
0668,东银国际,-
0669,创科实业,1990年12月17日
0670,中国东方航空股份,1997年2月5日
0672,众安房产,2007年11月13日
0673,中国卫生集团,1996年10月14日
0674,中国唐商,1991年1月25日
0675,坚宝国际,1997年1月2日
0676,创信国际,1996年10月11日
0677,金源米业,1991年1月28日
0679,亚洲联网科技,1991年1月31日
0680,南海控股,1991年2月13日
0681,中民控股,1997年4月24日
0682,超大现代,2000年12月15日
0683,嘉里建设,1996年8月5日
0684,亚伦国际,1992年11月10日
0685,世界华文媒体,1991年3月22日
0686,联合光伏,2000年4月13日
0687,泰昇集团,-
0688,中国海外发展,1992年8月20日
0689,长盈集团（控股）,1991年4月15日
0690,联康生物科技集团,2001年11月12日
0691,山水水泥,2008年7月4日
0693,陈唱国际,1998年7月7日
0694,北京首都机场股份,2000年2月1日
0695,东吴水泥,2012年6月13日
0696,中国民航信息网络,2001年2月7日
0697,首程控股,1991年1月31日
0698,通达集团,2000年12月22日
0700,腾讯控股,2004年6月16日
0701,北海集团,-
0702,中国油气控股,2000年2月9日
0703,佳景集团,2002年8月15日
0704,和嘉控股,1991年5月27日
0707,亚洲电视控股,2006年3月30日
0708,恒大汽车,2008年2月12日
0709,佐丹奴国际,1991年6月19日
0710,京东方精电,1991年7月1日
0711,亚洲联合基建控股,1993年2月12日
0712,卡姆丹克,2009年10月30日
0713,世界（集团）,1993年4月15日
0715,中泛控股,1991年7月5日
0716,胜狮货柜,1993年7月8日
0717,英皇证券,2007年4月24日
0718,太和控股,1995年10月2日
0719,山东新华制药股份,1996年12月31日
0720,意达利控股,1991年7月16日
0721,中国金融国际投资,2001年6月8日
0722,联合医务,2015年11月27日
0723,信保环球控股,1991年7月18日
0724,瑞鑫国际,2000年7月3日
0725,恒都集团,1996年12月30日
0726,筑友智造科技,1991年7月25日
0727,皇冠环球集团,1998年1月16日
0728,中国电信,2002年11月15日
0730,首惠产业金融,1991年8月8日
0731,森信纸业集团,1995年12月1日
0732,信利国际,1991年7月29日
0733,合富辉煌,2004年7月15日
0736,中国置业投资,-
0737,合和公路基建,2003年8月6日
0738,莱尔斯丹,1992年12月11日
0743,亚洲水泥（中国）,2008年5月20日
0745,中国国家文化产业,2004年10月13日
0746,理文化工,2002年1月16日
0747,沈阳公用发展股份,1999年12月16日
0750,水发兴业能源,2009年1月13日
0751,创维集团,2000年4月7日
0752,笔克远东,1992年9月28日
0753,中国国航,2004年12月15日
0754,合生创展集团,1998年5月27日
0755,上海证大,1992年10月27日
0756,森美控股,2008年7月10日
0757,阳光能源,2008年3月31日
0758,新华联资本,1999年12月3日
0759,CEC国际控股,1999年11月15日
0760,新天地产集团,1995年8月8日
0762,中国联通,2000年6月22日
0763,中兴通讯,2004年12月9日
0764,永恒策略,2000年2月15日
0765,威发国际,1992年10月23日
0767,中基长寿科学,1995年11月20日
0768,开明投资,2000年1月18日
0769,中国稀土,1999年10月15日
0770,沪光国际,1993年11月30日
0771,自动系统,1997年11月5日
0772,阅文集团,2017年11月8日
0775,长江生命科技,2002年7月16日
0776,帝国集团环球控股,2005年10月13日
0777,网龙网络,2007年11月2日
0778,置富产业信托,2010年4月20日
0780,同程艺龙,2018年11月26日
0784,凌锐控股,2017年12月28日
0788,中国铁塔,2018年8月8日
0789,雅天妮集团,2008年5月16日
0794,锦胜集团（控股）,2009年2月26日
0797,第七大道,2018年7月18日
0798,光谷联合,2014年3月28日
0799,IGG,2013年10月18日
0800,A8新媒体,2008年6月12日
0802,中国钱包,2009年2月10日
0804,鼎石资本,-
0806,惠理集团,2007年11月22日
0807,上海实业环境,2018年3月23日
0808,泓富产业信托,2005年12月16日
0809,大成生化科技,2001年3月16日
0810,中国铸晨81,2002年2月28日
0811,新华文轩,2007年5月30日
0812,西证国际证券,2002年1月30日
0813,世茂房地产,2006年7月5日
0814,北京京客隆,2006年9月25日
0815,中国白银集团,2012年12月28日
0816,金茂服务,2022年3月12日
0817,中国金茂控股,2007年8月17日
0818,高阳科技,1997年12月22日
0819,天能动力,2007年6月11日
0820,汇丰中国翔龙基金,2007年7月20日
0821,汇盈控股,2001年4月9日
0822,嘉瑞国际,2007年6月27日
0823,领展房产基金,2005年11月25日
0825,新世界百货中国,2007年7月12日
0826,天工国际,2007年7月26日
0827,玖源集团,2003年7月10日
0828,王朝酒业,2005年1月26日
0829,神冠控股,2009年10月13日
0830,中国建筑兴业,2010年3月30日
0831,利亚零售,2001年1月18日
0832,建业地产,2008年6月6日
0833,华讯,2005年7月15日
0834,康大食品,2008年12月22日
0836,华润电力,2003年11月12日
0837,谭木匠,2009年12月29日
0838,亿和控股,2005年5月11日
0839,中教控股,2017年12月15日
0840,天业节水,2006年2月28日
0841,木薯资源,2009年3月23日
0842,理士国际,2010年11月16日
0844,广泰国际,2011年11月24日
0845,恒盛地产,2009年10月2日
0846,明发集团,2009年11月13日
0848,茂业国际,2008年5月5日
0851,盛源控股,1998年12月2日
0852,海峡石油化工,2009年1月12日
0853,微创医疗,2010年9月24日
0854,威雅利,2013年12月6日
0855,中国水务,1999年10月11日
0856,伟仕佳杰,2002年5月9日
0857,中国石油股份,2000年4月7日
0858,精优药业,1999年3月10日
0859,中昌国际控股,2000年6月15日
0860,力世纪,2002年9月3日
0861,神州控股,2001年6月1日
0862,远见控股,1998年10月14日
0863,BC科技集团,2012年4月27日
0864,永利地产发展,2013年3月19日
0865,建德国际,2000年12月29日
0866,中国秦发,2009年7月3日
0867,康哲药业,2010年9月28日
0868,信义玻璃,2005年2月3日
0869,彩星玩具,2008年2月1日
0871,中国疏浚环保,2011年6月20日
0872,泰坦智华科技,2004年12月9日
0873,世茂服务,2020年10月30日
0874,白云山医药集团,1997年10月30日
0875,中国金控投资,1998年7月3日
0876,佳兆业健康,1997年4月10日
0878,金朝阳集团,1997年3月21日
0880,澳门博彩股份有限公司,2008年7月16日
0881,中升控股,2010年3月26日
0882,天津发展,1997年12月10日
0883,中国海洋石油,2001年2月28日
0884,旭辉控股集团,2012年11月23日
0886,银基集团,2009年4月8日
0887,英皇钟表珠宝,2008年7月21日
0888,贝森金融,2001年6月28日
0889,连达科技控股,2001年6月22日
0893,中国铁钛,2009年10月8日
0894,万裕科技,1997年3月5日
0895,东江环保,2003年1月29日
0896,兴胜创建,2002年1月10日
0897,位元堂,1997年10月31日
0898,万事昌国际,1998年7月31日
0899,亚洲资源,1997年10月24日
0900,Aeon信贷,1995年9月14日
0901,金石投资,2002年2月28日
0902,华能国际电力,1998年1月21日
0904,中国绿色食品,2004年1月13日
0905,环球大通投资,1998年7月17日
0906,中粮包装,2009年11月16日
0907,高雅光学国际,1996年4月11日
0909,明源云,2020年9月25日
0910,中国三迪控股,1998年12月1日
0911,前海健康,2014年6月27日
0912,信佳国际,2002年9月18日
0913,港湾数字,1999年10月27日
0914,安徽海螺水泥股份,1997年10月21日
0915,道和环球,2002年5月10日
0916,龙源电力,2009年12月10日
0918,国能国际资产,1997年10月15日
0919,现代健康科技,2006年2月9日
0921,海信家电集团,1996年7月23日
0922,安贤园中国,1999年12月21日
0923,综合环保,2010年3月31日
0924,坤集团,2019年7月5日
0925,北京建设,1998年1月15日
0926,碧生源,2010年9月29日
0927,富士高实业,2000年4月11日
0928,莲和医疗,2002年4月29日
0929,国际精密,2004年11月1日
0931,中国天然气,2001年10月24日
0932,顺腾国际控股,2013年10月11日
0933,光汇石油,1995年11月16日
0934,中石化冠德,1999年6月25日
0935,龙翔集团,2011年6月10日
0936,佳兆业资本,2010年7月19日
0938,民生国际,1997年9月26日
0939,建设银行,2005年10月27日
0941,中国移动,1997年10月23日
0943,中证国际,1997年6月25日
0945,宏利金融,1999年9月27日
0947,摩比发展,2009年12月17日
0948,阿尔法企业,2010年3月1日
0950,李氏大药厂,2002年7月15日
0951,超威动力,2010年7月7日
0952,中国通海金融,1997年9月24日
0953,邵氏兄弟控股,2010年2月1日
0954,常茂生物化学工程,2002年6月28日
0956,新天绿色,2010年10月13日
0959,世纪娱乐国际,1997年10月3日
0960,龙湖集团,2009年11月19日
0966,中国太平,2000年6月29日
0967,桑德国际,2010年9月30日
0968,信义光能,2013年12月12日
0969,华联国际,2000年2月2日
0970,新耀莱,1997年9月18日
0973,L'Occitane,2010年5月7日
0974,中国顺客隆,2015年9月10日
0975,蒙古焦煤,2010年10月13日
0976,齐合环保,2010年7月12日
0978,招商局置地,1997年10月16日
0979,绿色能源科技集团,1997年6月26日
0980,联华超市,2003年6月27日
0981,中芯国际,2004年3月18日
0982,华发物业服务,2008年7月14日
0983,瑞安建业,1997年2月3日
0984,永旺,1994年2月4日
0985,中誉集团,1994年2月2日
0986,中国环保能源,1994年2月2日
0987,中国再生能源投资,1994年1月27日
0988,丝路物流控股,1994年1月21日
0989,华音国际控股,1997年10月20日
0990,荣晖国际,1994年1月25日
0991,大唐发电,1997年3月21日
0992,联想集团,1994年2月14日
0993,华融金控,1994年2月16日
0994,中天顺联,2017年7月17日
0995,安徽皖通高速公路,1996年11月13日
0996,嘉年华国际,1994年2月17日
0997,普汇中金国际,2000年3月10日
0998,中信银行,2007年4月27日
1000,北青传媒,2004年12月22日
1001,沪港联合,1994年2月18日
1002,威铖国际,2002年2月8日
1003,欢喜传媒,1994年2月21日
1004,中国智慧能源,1997年10月9日
1005,美力时集团,1994年2月18日
1007,龙辉国际控股,2010年10月28日
1008,贵联控股,2009年3月30日
1009,国际娱乐,2000年7月31日
1010,太睿国际控股,1994年2月18日
1011,泰凌医药,2011年4月20日
1013,伟俊集团控股,1997年2月3日
1020,赛伯乐国际控股,2010年7月7日
1022,飞鱼科技,2014年12月5日
1023,时代集团,2011年12月6日
1024,快手科技,2021年2月5日
1025,嘉艺控股,2019年2月28日
1026,环球实业科技,2001年10月26日
1027,中国集成控股,2015年2月13日
1028,千百度,2011年9月23日
1029,铁货,2010年10月21日
1030,新城发展,2012年11月29日
1031,金利丰金融,1996年7月23日
1033,中石化油服,1994年3月29日
1034,富汇建筑控股,2018年10月30日
1036,万科置业海外,1996年11月8日
1037,云智汇科技,1994年4月14日
1038,长江基建集团,1996年7月17日
1039,畅由联盟,2010年9月24日
1041,林达控股,1996年12月27日
1043,光宇国际集团,1999年11月17日
1044,恒安国际,1998年12月8日
1045,亚太卫星,1996年12月18日
1046,寰宇娱乐文化,1999年7月20日
1047,毅兴行,1994年4月25日
1049,时富投资,1994年4月27日
1050,嘉利国际,1996年12月16日
1051,国际资源,1994年4月29日
1052,越秀交通,1997年1月30日
1053,重庆钢铁股份,1997年10月17日
1055,中国南方航空股份,1997年7月31日
1057,浙江世宝,2006年5月16日
1058,粤海制革,1996年12月16日
1059,看通集团,1997年1月23日
1060,阿里巴巴影业,1994年5月12日
1061,亿胜生物科技,2001年6月27日
1062,国开国际投资,-
1063,新确科技,1994年5月10日
1064,中华国际,1997年10月13日
1065,天津创业环保股份,1994年5月17日
1066,威高股份,2004年2月27日
1068,雨润食品,2005年10月3日
1069,宝沙发展,2009年10月8日
1070,TCL多媒体,1999年11月26日
1071,华电国际电力股份,1999年6月30日
1072,东方电气,1994年6月6日
1073,浩伦农科,1999年11月25日
1075,首都信息,2001年12月21日
1076,博华太平洋,2002年2月11日
1079,松景科技,1999年11月26日
1080,胜利管道,2009年12月18日
1082,香港教育国际,2011年7月4日
1083,港华智慧能源,2001年4月20日
1084,绿新亲水胶体,2019年10月17日
1085,亨鑫科技,2010年12月23日
1086,好孩子国际,2010年11月24日
1087,泓淋科技,2010年11月16日
1088,中国神华,2005年6月15日
1089,乐游科技控股,2011年1月11日
1090,大明国际,2010年12月1日
1091,南方锰业,2010年11月18日
1093,石药集团,1994年6月21日
1094,中国公共采购,2002年7月3日
1096,中能国际控股,2011年9月28日
1097,有线宽频,1999年11月24日
1098,路劲基建,1996年7月4日
1099,国药控股,2009年9月23日
1100,飞达控股,2000年12月13日
1101,华荣能源,2010年11月19日
1102,环能国际,2003年2月18日
1103,大生农业金融,2005年7月13日
1104,亚太资源,1998年12月29日
1105,星岛,1996年7月10日
1106,铭霖控股,2003年6月25日
1107,当代置业,2013年7月12日
1108,洛阳玻璃股份,1994年7月8日
1109,华润置地,1996年11月8日
1110,金活医药,2010年11月25日
1112,H&H国际控股,2010年12月17日
1113,长实集团,2015年6月3日
1114,华晨中国,1999年10月22日
1115,西藏水资源,2011年6月30日
1116,美亚控股,2004年6月21日
1117,现代牧业,2010年11月26日
1118,高力集团,1994年7月15日
1119,创梦天地,2018年12月6日
1120,雅视光学,1996年11月8日
1121,金阳新能源,2011年1月28日
1122,庆铃汽车股份,1994年8月17日
1123,中港照相,1994年9月19日
1124,沿海家园,1997年10月16日
1125,丽丰控股,1997年11月28日
1126,德林国际,2002年2月7日
1127,狮子山集团,2011年7月25日
1128,永利澳门,2009年10月9日
1129,中国水业集团,2002年1月17日
1130,中国环境资源,1997年6月3日
1131,鸿宝资源,1997年3月19日
1132,橙天嘉禾,1994年11月23日
1133,哈尔滨电气,1994年12月16日
1134,恒发光学,2019年7月16日
1137,香港科技探索,1997年8月4日
1138,中远海能,1994年11月11日
1139,华多利集团,1998年2月16日
1140,华科资本,2003年3月20日
1141,民银资本,1998年3月12日
1142,能源及能量环球,2002年11月8日
1143,环亚国际医疗集团,2011年1月27日
1145,勇利投资,2011年6月24日
1146,中国服饰控股,2011年12月9日
1147,伊登软件,2020年5月13日
1148,新晨动力,2013年3月13日
1150,米兰站,2011年5月23日
1151,依利安达,2011年7月8日
1152,正干金融控股,2011年10月28日
1153,佳源服务,2020年12月9日
1156,China New Energy,2020年7月15日
1157,中联重科,2010年12月23日
1159,星光文化,1998年3月13日
1160,优创金融,2004年4月2日
1161,奥思集团,2002年3月11日
1162,莹岚集团,-
1163,虎视传媒,2020年7月10日
1164,中广核矿业,2002年2月7日
1165,顺风清洁能源,2011年7月13日
1166,星凯控股,1996年12月12日
1167,加科思,2020年12月21日
1168,百仕达控股,1998年6月8日
1170,信星集团,1994年9月29日
1171,兖州煤业股份,1998年4月1日
1172,融太集团,1996年6月12日
1173,威高国际,1999年4月19日
1176,珠光控股,1996年12月9日
1177,中国生物制药,2000年9月29日
1179,华住集团,2020年9月22日
1180,汇彩控股,1997年1月20日
1181,唐宫中国,2011年4月19日
1182,胜龙国际,1994年10月17日
1183,澳能建设,2018年2月13日
1184,时捷集团,1994年10月17日
1185,中国航天万源,1997年8月11日
1186,中国铁建,2008年3月13日
1188,正道集团,1995年4月6日
1189,大湾区聚变力量,1997年10月6日
1190,航标控股,2012年7月13日
1192,泰山石化,1998年6月17日
1193,华润燃气,1994年11月7日
1194,湾区黄金,2004年10月12日
1195,京维集团,2001年5月17日
1196,伟禄集团,1997年1月20日
1198,皇朝家居,2002年5月15日
1199,中远海运港口,1994年12月19日
1200,美联集团,1995年6月8日
1201,天臣控股,1998年6月23日
1202,成都普天电缆,1994年12月13日
1203,广南（集团）,1994年12月9日
1204,博维智慧,2022年7月15日
1205,中信资源,1997年9月8日
1206,同方泰德,2011年10月27日
1207,上置集团,1999年12月10日
1208,五矿资源,1994年12月15日
1209,华润万象生活,2020年12月9日
1210,克莉丝汀,2012年2月23日
1211,比亚迪股份,2002年7月31日
1213,万保刚集团,2001年5月7日
1215,开源控股,1997年1月17日
1216,中原银行,2017年7月19日
1217,中国创新投资,2002年8月28日
1218,永义国际,1995年1月30日
1220,志道国际,1997年9月23日
1221,信和酒店,1995年3月8日
1222,宏安集团,1995年2月28日
1223,新沣集团,1995年3月1日
1224,中渝置地,1999年4月30日
1225,隆成金融,1998年12月18日
1226,中国投融资,2002年9月19日
1227,国盛投资,2002年9月27日
1228,北海康成,2021年12月10日
1229,南南资源,1995年4月13日
1231,新矿资源,2011年7月4日
1232,金轮天地控股,2013年1月16日
1233,时代中国控股,2013年12月11日
1234,中国利郎,2009年9月25日
1235,专业旅运,2011年9月29日
1237,中科生物,2012年7月6日
1238,宝龙地产,2009年10月14日
1239,Teamway Intl Gp,2011年11月18日
1240,青建国际,2012年10月18日
1241,双桦控股,2011年6月30日
1243,宏安地产,2016年4月12日
1244,3D Medicines Inc.,2022年12月15日
1245,Niraku,2015年4月8日
1246,保集健康,2013年10月16日
1247,米格国际控股,2014年1月15日
1250,北控清洁能源,2013年7月5日
1251,华油能源,2011年12月23日
1252,天瑞水泥,2011年12月23日
1253,中国绿地博大绿泽,2014年7月21日
1255,TATA健康,2013年7月11日
1257,中国光大绿色环保,2017年5月8日
1258,中国有色矿业,2012年6月29日
1259,未来发展控股,2011年7月15日
1260,皓天财经集团,2012年3月30日
1262,蜡笔小新食品,2011年12月9日
1263,柏能集团,2012年1月12日
1265,天津津燃公用,2004年1月9日
1266,西王特钢,2012年2月23日
1268,美东汽车,2013年12月5日
1269,首控集团,2011年11月23日
1270,朗廷-SS,2013年5月30日
1271,佳明集团,2013年8月9日
1272,大唐环境,2016年11月15日
1273,香港信贷,2013年10月2日
1277,力量能源,2012年3月23日
1278,中国新城镇,2010年10月22日
1280,奇点国际,2010年3月25日
1281,隆基泰和智慧能源,2012年1月12日
1282,宝新金融,2010年12月15日
1283,高升集团控股,2019年10月18日
1284,新传企划,2023年7月17日
1285,嘉士利集团,2014年9月25日
1286,鹰普精密工业,2019年6月28日
1288,中国农业银行,2010年7月16日
1289,盛力达科技,2014年11月11日
1290,中国汇融金融,2013年10月28日
1292,重庆长安民生物流,2006年2月23日
1293,广汇宝信,2011年12月14日
1297,擎天科技,2013年7月9日
1298,云能国际,2011年12月21日
1299,友邦保险,2010年10月29日
1300,俊知集团,2012年3月19日
1301,德基科技控股,2015年5月27日
1302,先健科技,2011年11月10日
1303,汇力资源,2012年1月12日
1305,伟志控股,2014年11月18日
1308,海丰国际,2010年10月6日
1310,香港宽频,2015年3月12日
1312,同方康泰,2012年1月18日
1313,华润水泥,2009年10月6日
1314,翠华控股,2012年11月26日
1315,绿色经济,2012年1月18日
1316,耐世特,2013年10月7日
1317,枫叶教育,2014年11月28日
1319,霭华押业信贷,2013年3月12日
1321,中国新城市,2014年7月10日
1322,创达科技,2012年4月13日
1323,华盛国际控股,2011年1月13日
1326,传递娱乐,2012年10月31日
1327,励时集团,2015年1月30日
1328,金涌投资,2007年10月16日
1329,首创钜大,2012年4月2日
1330,绿色动力环保,2014年6月19日
1332,透云生物,2012年7月12日
1335,顺泰控股,2012年7月13日
1336,新华保险,2011年12月15日
1338,霸王国际,2009年7月3日
1339,中国人保,2012年12月7日
1340,惠生国际,2014年2月28日
1341,昊天国际建投,2015年12月10日
1342,硅谷天堂黄金,-
1343,伟源控股,2020年3月12日
1345,中国先锋医药,2013年11月5日
1346,利华控股集团,2019年11月13日
1347,华虹半导体,2014年10月15日
1348,滉达富,2013年1月23日
1349,复旦张江,2002年8月13日
1351,辉煌明天,2020年11月11日
1355,朸濬国际,2011年7月15日
1357,美图,2016年12月15日
1358,普华和顺,2013年11月8日
1359,中国信达,2013年12月12日
1360,诺发集团,2013年11月6日
1361,361度,2009年6月30日
1362,新龙移动,2015年1月15日
1363,中滔环保,2013年9月25日
1365,润东汽车,2014年8月12日
1367,广州基金国际,2014年7月11日
1368,特步国际,2008年6月3日
1370,奥威控股,2013年11月28日
1371,中国生态旅游,2001年10月26日
1372,中国碳中和,2013年12月11日
1373,国际家居零售,2013年9月25日
1375,中州证券,2014年6月25日
1376,Raffles Interior,2020年5月7日
1378,中国宏桥集团,2011年3月24日
1379,温岭工量刃具,2020年12月30日
1380,中国金石,2011年3月18日
1381,粤丰环保,2014年12月29日
1382,互太纺织,2007年5月18日
1383,太阳城集团,2007年2月22日
1385,上海复旦,2000年8月4日
1387,中国地利,2008年10月22日
1388,安莉芳控股,2006年12月18日
1389,美捷汇控股,2014年1月10日
1393,恒鼎实业,2007年9月21日
1395,强泰环保,2014年9月26日
1396,粤港湾控股,2013年10月31日
1397,碧瑶绿色集团,2014年5月22日
1398,工商银行,2006年10月27日
1399,锐信控股,2006年12月21日
1400,满地科技股份,2014年4月25日
1401,Sprocomm Intelligence,2019年11月13日
1402,超智能控股,-
1405,达势股份,-
1406,清晰医疗,2022年2月18日
1407,交运燃气,2022年11月16日
1408,濠江机电,2020年9月11日
1410,安领国际,-
1412,隽思集团,2020年1月16日
1413,广联工程控股,2021年3月11日
1415,高伟电子,2015年3月31日
1416,CTR Holdings,2020年1月15日
1417,浦江中国,2017年12月11日
1418,盛诺集团,2014年7月10日
1419,盈健医疗,2016年4月1日
1420,川控股,2016年6月8日
1421,工盖有限公司,2013年12月30日
1425,捷隆控股,2019年11月28日
1426,春泉产业信托,2013年12月5日
1427,中国天保集团,2019年11月11日
1428,耀才证券,2010年8月25日
1429,天任集团,2020年9月29日
1430,苏创燃气,2015年3月11日
1431,原生态牧业,2013年11月26日
1432,中国圣牧,2014年7月15日
1433,常达控股,2020年3月12日
1439,移动互联（中国）,2014年1月13日
1440,德运控股,2021年1月13日
1442,Infinity L&T,2020年1月21日
1443,富临集团,2014年11月13日
1446,鸿福堂,2014年7月4日
1447,新福港,2015年12月10日
1448,福寿园,2013年12月19日
1449,立德教育,2020年8月6日
1450,世纪睿科,2014年7月7日
1451,万成集团股份,2018年6月1日
1452,迪诺斯环保,2015年11月12日
1455,科利实业,2020年9月15日
1456,国联证券,2015年7月6日
1458,周黑鸭,2016年11月11日
1459,巨匠建设,2016年1月12日
1460,扬科集团,2015年3月18日
1461,中泰期货,2015年7月7日
1462,金诚控股,2014年10月16日
1463,C-Link Squared,2020年3月27日
1466,钱唐控股,2014年10月17日
1468,京基金融国际,2012年8月24日
1469,结好金融,2016年4月8日
1470,富一国际控股,2015年5月12日
1472,生兴控股,2020年3月17日
1473,环联连讯,2021年2月19日
1475,日清食品,2017年12月11日
1476,恒投证券,2015年10月15日
1477,欧康维视,2020年7月10日
1478,丘钛科技,2014年12月2日
1480,恩达集团控股,2014年12月8日
1481,竣球控股,-
1483,网誉科技,2013年12月10日
1486,思城控股,2013年12月20日
1488,百福控股,2011年6月27日
1490,车市科技,2021年1月15日
1495,集一控股,2015年11月6日
1496,亚积邦租贷,2016年4月8日
1498,培力农本方,2015年7月8日
1499,欧科云链,2015年9月2日
1500,现恒建筑,2015年4月16日
1501,康德莱医械,2019年11月8日
1502,金融街物业,2020年7月6日
1503,招商局商业房托,2019年12月10日
1508,中国再保险,2015年10月26日
1509,和美医疗,2015年7月7日
1513,丽珠集团,2014年1月16日
1515,华润医疗,2013年11月29日
1516,融创服务,2020年11月29日
1518,新世纪医疗,2017年1月18日
1520,天机控股,2013年12月3日
1521,方达控股,2019年5月30日
1522,京投交通科技,2012年5月16日
1523,珩湾科技,2016年7月13日
1526,瑞慈医疗,2016年10月6日
1527,天洁环境,2015年10月12日
1528,红星美凯龙,2015年6月26日
1529,乐氏国际控股,-
1530,三生制药,2015年6月11日
1532,中国派对文化,2015年10月16日
1533,庄园牧场,2015年10月15日
1536,煜荣集团,2017年1月11日
1538,中奥到家,2015年11月25日
1539,汇能集团,2015年3月24日
1540,澳狮环球,2018年10月8日
1542,台州水务,2019年12月31日
1543,中盈盛达融资担保,2015年12月23日
1545,设计都会,2019年4月25日
1546,德莱建业,-
1547,IBI Group,2016年10月14日
1548,金斯瑞生物科技,2015年12月30日
1549,永丰集团控股,2016年7月6日
1551,广州农村商业银行,2017年6月20日
1552,BHCC Holding,2012年5月16日
1553,迈科管业,2019年12月18日
1555,MI能源,2010年12月14日
1556,建业建荣,2015年11月11日
1557,剑虹集团控股,2016年3月18日
1558,东阳光药,2015年12月29日
1559,均安控股,2015年3月27日
1560,星星集团,2016年7月13日
1561,联洋智能控股,2015年12月1日
1563,友联租赁,2019年3月15日
1565,成实外教育,2016年1月15日
1566,华夏文化科技,2015年3月12日
1568,承达集团,2015年12月29日
1569,民生教育,2017年3月22日
1570,伟业控股,2016年4月6日
1571,信邦控股,2017年6月28日
1572,中国艺术金融,2016年11月8日
1573,南方能源,2016年7月13日
1575,慕容家居,2017年1月12日
1576,齐鲁高速,2018年7月19日
1577,汇鑫小贷,2016年9月30日
1578,天津银行,2016年3月30日
1579,颐海国际,2016年7月13日
1580,大森控股,2016年12月19日
1581,进昇集团控股,2016年12月8日
1582,华营建筑,2019年10月16日
1583,亲亲食品,2016年7月8日
1585,雅迪集团,2016年5月19日
1586,力鸿检验,2016年7月12日
1587,欣融国际,2018年6月27日
1588,畅捷通,2014年6月26日
1589,中国物流资产,-
1591,汛和集团,2016年9月28日
1592,基石控股,2018年7月4日
1593,辰林教育,2019年12月13日
1596,翼辰实业,2016年12月21日
1597,纳泉能源科技,2020年10月20日
1598,21世纪教育,2018年5月29日
1599,城建设计,2014年7月8日
1600,天伦燃气,2010年11月10日
1601,中关村科技租赁,2020年1月21日
1606,国银租赁,2016年7月11日
1608,伟能集团,2016年11月24日
1609,创建集团控股,2016年10月17日
1610,中粮家佳康,2016年11月1日
1611,火币科技,2016年11月21日
1612,永胜医疗,2016年7月13日
1613,协同通信,2012年4月18日
1615,奥邦建筑,2018年9月10日
1616,一元宇宙,2012年7月12日
1617,南方通信,2016年12月12日
1618,中国中冶,2009年9月24日
1620,富盈环球集团,2018年6月28日
1621,域高国际控股,2018年3月5日
1622,力高地产,2014年1月30日
1623,海隆控股,2011年4月21日
1626,嘉耀控股,-
1627,安保工程控股,2017年2月20日
1628,禹洲地产,2009年11月2日
1629,盟科控股,2016年11月25日
1630,建成控股,2017年6月16日
1631,REF Holdings,-
1632,民商创科,2016年11月29日
1633,上谕集团,2016年11月11日
1635,大众公用,2016年12月5日
1636,中国金属利用,2014年2月21日
1637,顺兴集团控股,2017年1月3日
1638,佳兆业,2009年12月9日
1640,瑞诚中国传媒,2019年11月12日
1643,现代中药,2021年1月15日
1647,雄岸科技,2017年3月30日
1649,内蒙古能建,2017年7月18日
1650,Hygieia Group,2020年7月3日
1651,津上机床中国,2017年9月25日
1652,福森药业,2018年7月11日
1653,MOS House,2018年10月19日
1655,Okura Holdings,2017年5月15日
1656,亿仕登控股,2017年1月12日
1657,桦欣控股,-
1658,邮储银行,2016年9月28日
1660,兆邦基地产,2017年2月10日
1661,智美体育,2013年7月11日
1662,义合控股,2015年12月18日
1663,汉港控股,2011年7月22日
1665,槟杰科达,2018年1月19日
1666,同仁堂科技,2000年10月31日
1667,进阶发展,2017年4月7日
1668,华南城,2009年9月30日
1669,环球信贷集团,2014年12月12日
1671,天保能源,2018年4月27日
1672,歌礼制药,2018年8月1日
1673,华章控股,2013年5月16日
1675,亚信科技,2018年12月19日
1676,中国升海食品,2017年7月18日
1679,瑞斯康集团,2017年6月9日
1680,澳门励骏,2013年7月5日
1681,康臣药业,2013年12月19日
1682,杭品生活科技,2010年10月5日
1683,旷逸国际,2015年9月8日
1685,博耳电力,2010年10月20日
1686,新意网集团,-
1689,华禧控股,2013年12月6日
1690,立基工程控股,-
1691,JS环球生活,2019年12月18日
1692,登辉控股,2019年10月25日
1693,璋利国际,2017年8月9日
1695,椰丰集团,2017年7月11日
1696,复锐医疗科技,2017年9月19日
1697,山东国信,2017年12月8日
1698,腾讯音乐,2022年9月21日
1699,普甜食品,2012年7月13日
1701,途屹控股,2019年6月28日
1702,东光化工,2017年7月11日
1703,首澧控股,2019年2月15日
1705,宾仕国际,2018年3月14日
1706,双运控股,2017年11月15日
1707,致浩达控股,2017年10月12日
1708,三宝科技,2004年6月9日
1709,德林控股,-
1710,致丰工业电子,2017年11月23日
1711,欧化国际,2018年1月29日
1712,龙资源,2018年11月5日
1713,四川能投发展,2018年12月28日
1715,米技国际控股,2018年7月16日
1716,毛记葵涌,2018年3月28日
1717,澳优乳业,2009年10月8日
1718,宏基集团控股,2015年8月11日
1719,中国通商集团,-
1720,普天通信集团,2017年11月9日
1721,FSM Holdings,2018年7月16日
1722,建鹏控股,2017年12月15日
1723,港亚控股,2018年9月27日
1725,香港航天科技,2018年8月16日
1726,HKE Holdings,2018年4月18日
1727,河北建设,2017年12月15日
1728,正通汽车,2010年12月10日
1729,汇聚科技,2018年2月13日
1730,LHN,2017年12月29日
1731,其利工业集团,2018年7月13日
1732,象兴国际,-
1733,易大宗,2010年10月11日
1735,中环控股,2018年3月29日
1736,中国育儿网络,-
1737,亚洲实业集团,2018年3月14日
1738,飞尚无烟煤,2014年1月22日
1739,齐屹科技,2018年7月12日
1740,新石文化,2020年1月16日
1741,日赢控股,2018年10月16日
1742,HPC Holdings,2018年5月11日
1745,驴迹科技,2020年1月17日
1746,万顺集团控股,2018年7月11日
1747,Home Control International,2019年11月14日
1748,信源企业,2018年9月26日
1749,杉杉品牌,2018年6月27日
1750,全达电器集团控股,2018年5月11日
1751,景联集团,-
1752,澳洲成峰高教,2018年5月11日
1753,兑吧,2019年5月7日
1755,新城悦,2018年11月6日
1756,中国职业教育,2019年11月25日
1757,俊裕地基,2018年6月7日
1758,博骏教育,2018年7月31日
1759,中油洁能控股,2018年12月28日
1760,英恒科技,2018年7月12日
1761,宝宝树集团,2018年11月27日
1762,万咖壹联,2018年12月21日
1763,中国同辐,2018年7月6日
1765,希望教育,2018年8月3日
1766,中国中车,2008年8月21日
1767,TS Wonders,2019年1月14日
1769,思考乐教育,2019年6月21日
1771,新丰泰集团,2014年5月15日
1772,赣锋锂业,2018年10月11日
1773,天立国际控股,2018年7月12日
1775,精英汇集团,2018年7月13日
1776,广发证券,2015年4月10日
1777,花样年控股,2009年11月25日
1778,彩生活,2014年6月30日
1780,B & D Strategic,2019年4月30日
1781,新昌创展控股,2018年10月4日
1782,飞思达科技,-
1783,金仑控股有限公司,2018年8月22日
1785,成都高速公路,2019年1月15日
1786,铁建装备,2015年12月16日
1787,山东黄金矿业,2018年9月28日
1788,国泰君安,2010年7月8日
1789,爱康医疗,2017年12月20日
1790,达力环保,2018年11月29日
1791,OCC CABLES,-
1792,CMON Limited,-
1793,伟工控股,2019年2月27日
1795,亚东集团,2020年11月18日
1796,耀高控股,2018年12月31日
1797,东方甄选,2019年3月28日
1798,大唐新能源,2010年12月17日
1799,新特能源,2015年12月30日
1800,中国交通建设,2006年12月15日
1801,信达生物,2018年10月31日
1802,文业集团控股,2020年1月14日
1803,北京体育文化,2012年1月16日
1806,汇付天下,2018年6月15日
1808,企展控股,2007年1月11日
1809,浦林成山,2018年10月9日
1810,小米集团 - W,2018年7月9日
1811,中广核新能源,2014年10月3日
1812,晨鸣纸业,2008年6月18日
1813,合景泰富,2007年7月3日
1815,金猫银猫,2018年3月13日
1816,中广核电力,2014年12月10日
1817,慕尚集团控股,2019年5月27日
1818,招金矿业,2006年12月8日
1820,济丰包装,2018年12月21日
1821,ESR Cayman,2019年11月1日
1822,弘达金融控股,2009年12月16日
1823,华昱高速,2009年12月23日
1825,美臻集团,2018年10月19日
1826,丰展控股,-
1827,卓珈控股,-
1830,完美医疗,2012年2月10日
1831,十方控股,2010年12月3日
1832,海天地悦旅,2019年5月16日
1833,平安好医生,2018年5月4日
1835,瑞威资管,2018年11月13日
1836,九兴控股,2007年7月6日
1837,五谷磨房,2018年12月12日
1838,中国地产,2007年2月23日
1839,中集车辆,2019年7月11日
1841,优越集团,-
1842,植华集团,2019年6月28日
1843,快餐帝国,2019年10月23日
1845,维港环保科技,2019年1月3日
1846,德视佳,2019年10月15日
1847,云南建投混凝土,2019年10月31日
1848,中国飞机租赁,2014年7月11日
1849,秀商时代控股,2019年6月26日
1850,海鑫集团,-
1851,银杏教育,2019年1月18日
1853,春城热力,2019年10月24日
1854,中国万天控股,-
1855,中邦环境,2021年1月6日
1856,依波路,2014年7月11日
1857,中国光大水务,2019年5月8日
1858,春立医疗,2015年3月11日
1859,煜盛文化,2020年3月13日
1860,汇量科技,2018年12月12日
1861,保宝龙科技,2019年6月21日
1862,景瑞控股,2013年10月31日
1863,中国龙天集团,2010年4月29日
1865,管道工程,2019年3月27日
1866,中国心连心化肥,2009年12月8日
1867,标准发展集团,-
1868,同方友友,2006年12月15日
1869,利宝阁集团,-
1870,益美国际控股,2019年11月8日
1871,向中国际,2019年10月24日
1872,冠轈控股,2019年2月28日
1873,维亚生物,2019年5月9日
1875,东曜药业,2019年11月8日
1876,百威亚太,2019年9月30日
1877,君实生物,2018年12月24日
1878,南戈壁能源,2010年1月29日
1880,中国中免,2022年8月25日
1881,富豪产业信托,2007年3月30日
1882,海天国际,2006年12月22日
1883,中信国际电讯,2007年4月3日
1884,eprint集团,2013年12月3日
1886,汇源果汁,2007年2月23日
1888,建滔积层板,2006年12月7日
1889,三爱健康集团,2007年2月1日
1890,中国科培,2019年1月25日
1891,兴合控股,2019年3月15日
1894,恒益控股,2018年10月12日
1895,鑫苑服务,2019年10月11日
1896,猫眼娱乐,2019年2月4日
1897,美亨实业,2019年3月19日
1898,中煤能源,2006年12月19日
1899,兴达国际,2006年12月21日
1900,中国智能交通,2010年7月15日
1901,飞扬集团,2019年6月28日
1902,银城国际控股,2019年3月6日
1903,JBB Builders,2019年5月10日
1905,海通恒信,2019年6月3日
1906,博尼控股,2019年4月26日
1907,中国旭阳集团,2019年3月15日
1908,建发国际集团,2012年12月14日
1909,火岩控股,-
1910,新秀丽,2011年6月16日
1911,华兴资本控股,2018年9月27日
1912,康特隆,2019年7月16日
1913,普拉达,2011年6月24日
1915,泰和小贷,-
1916,江西银行,2018年6月26日
1917,豆盟科技,2019年3月14日
1918,融创中国,2010年10月7日
1919,中远海控,2005年6月30日
1920,恒新丰控股,2019年8月16日
1921,达力普控股,2019年11月8日
1922,银城生活服务,2019年11月6日
1925,旷世控股,2020年1月16日
1927,久久王,2021年3月16日
1928,金沙中国,2009年11月30日
1929,周大福,2011年12月15日
1930,勋龙汽车,2019年6月28日
1931,华检医疗,2019年7月12日
1932,中漆集团,2017年7月10日
1933,元力控股,2018年3月2日
1935,嘉宏教育,2019年6月18日
1936,利特米,2020年5月13日
1937,佳辰控股,2020年1月17日
1938,珠江钢管,2010年2月10日
1939,东京中央拍卖,2018年10月11日
1940,CGIL Holdings,2020年12月29日
1941,烨星集团,2020年3月13日
1942,MOG HOLDINGS,2020年4月15日
1943,银涛控股,2019年6月28日
1945,清科创业,2020年12月30日
1947,美皓医疗,2022年12月14日
1948,优矩控股,2021年11月8日
1949,Platt Nera International,2019年7月16日
1950,帝王实业控股,2020年3月12日
1951,锦欣生殖,2019年6月25日
1952,云顶新耀,2020年10月9日
1953,Rimbaco Group Global,2020年4月28日
1955,庄臣控股,2019年10月16日
1957,MBV International,2020年7月8日
1958,北京汽车,2014年12月19日
1959,世纪联合控股,2019年10月18日
1960,TBK & Sons Holdings,2019年9月30日
1961,多牛科技,2020年3月17日
1962,训修实业,2017年7月12日
1963,重庆银行,2013年11月6日
1965,朗诗绿色生活,2021年7月8日
1966,中骏集团,2010年2月5日
1967,信恳智能,2019年10月18日
1968,兴纺控股,2018年7月16日
1969,中国春来,2018年9月13日
1970,IMAX中国,2015年10月8日
1971,弘阳服务,2020年7月7日
1972,太古地产,2012年1月18日
1975,新兴印刷,2017年11月16日
1977,安乐工程,2019年7月12日
1978,叙福楼集团,2018年5月30日
1979,天宝集团,2015年12月11日
1980,天鸽互动,2014年7月9日
1981,华夏视听教育,2020年7月15日
1982,南旋控股,2016年4月12日
1983,泸州银行,2018年12月17日
1985,美高域,2017年3月8日
1986,彩客新能源,2015年7月3日
1987,Beng Soon Machinery,2019年11月8日
1988,民生银行,2009年11月26日
1989,松龄护老集团,2017年2月15日
1990,兴华港口,2018年2月12日
1991,大洋集团,2007年6月8日
1992,复星旅游文化,2018年12月14日
1993,雅仕维,2015年1月15日
1995,旭辉永升服务,2018年12月17日
1996,弘阳地产,2018年7月12日
1997,九龙仓置业,2017年11月23日
1998,飞克国际,2010年3月29日
1999,敏华控股,2010年4月9日
2000,晨讯科技,2005年6月30日
2001,新高教集团,2017年4月19日
2002,阳光纸业,2007年12月12日
2003,维信金科,2018年6月21日
2005,石四药集团,2005年12月20日
2007,碧桂园控股,2007年4月20日
2008,凤凰卫视,2008年12月5日
2009,北京金隅,2009年7月29日
2011,中国恒泰集团,2011年1月12日
2012,阳光油砂,2012年3月1日
2013,微盟,2019年1月15日
2014,浩泽净水,2014年6月17日
2015,理想汽车,2021年8月12日
2016,浙商银行,2016年3月30日
2017,沧海控股,2017年3月31日
2018,瑞声科技,2005年8月9日
2019,德信中国,2019年2月26日
2020,安踏体育,2007年7月10日
2022,游莱互动,2017年12月15日
2023,中国绿岛科技,2013年10月11日
2025,瑞丰动力,2018年1月5日
2028,映美控股,2005年6月29日
2030,卡宾,2013年10月28日
2031,澳至尊,2016年9月12日
2033,时计宝,2013年2月5日
2038,富智康集团,2005年2月3日
2039,中集集团,2012年12月19日
2048,易居企业控股,2018年7月20日
2051,51信用卡,2018年7月13日
2057,中通快递,2020年9月29日
2060,浦江国际,2019年5月28日
2066,盛京银行,2014年12月29日
2068,中铝国际工程,2012年7月6日
2076,BOSS直聘－W,2022年12月22日
2078,荣阳实业,2013年2月5日
2080,奥克斯国际,2014年1月23日
2086,海航科技投资,2015年9月29日
2088,西王置业,2005年12月9日
2096,先声药业,2020年10月27日
2098,卓尔集团,2011年7月13日
2099,中国黄金国际,2010年12月1日
2100,百奥家庭互动,2014年4月10日
2101,福禄控股,2020年9月18日
2102,德利机械,2020年10月6日
2105,来凯医药－Ｂ,2023年6月29日
2107,第一服务控股,2020年10月22日
2108,K2 F&B Holdings,2019年3月6日
2110,裕勤控股,2020年12月7日
2111,超盈国际,2014年5月23日
2112,优库资源,2013年7月3日
2113,世纪集团国际,2016年10月17日
2115,捷心隆,2020年10月15日
2116,江苏创新,2018年3月28日
2117,大唐集团控股,2020年12月11日
2118,天山发展控股,2010年7月15日
2119,捷荣国际,2018年5月11日
2120,康宁医院,2015年11月20日
2121,创新奇智,2022年1月27日
2122,凯知乐国际,2017年11月10日
2123,金盾控股,2011年7月14日
2125,稻草熊娱乐,2021年1月15日
2126,药明巨诺,2020年11月3日
2127,汇森家居,2020年12月29日
2128,中国联塑,2010年6月23日
2129,Legion Consortium,2021年1月13日
2130,嘉泓物流,2020年10月15日
2131,云想科技,2020年12月17日
2132,誉燊丰控股,2020年10月20日
2135,瑞丽医美,2020年12月28日
2136,利福中国,-
2137,腾盛博药,-
2138,香港医思医疗集团,-
2139,甘肃银行,-
2142,和铂医药,-
2145,上美股份,2022年12月19日
2146,荣万家生活服务,-
2147,正味集团,2023年1月13日
2148,Vesync,-
2150,奈雪的茶,-
2152,苏新服务,2022年8月24日
2153,达丰设备,-
2155,森松国际,-
2156,建发物业,-
2158,医渡科技,-
2159,麦迪卫康,-
2160,心通医疗 - B,-
2161,健倍苗苗,2021年2月5日
2162,康诺亚生物,-
2163,远大住工,-
2165,领悦服务集团,-
2166,芯智控股,-
2167,天润云,2022年6月30日
2168,佳兆业物业,-
2169,沧港铁路,-
2170,贝康医疗,2021年2月8日
2171,科济制药,-
2172,微创脑科学,2022年7月15日
2175,中国通才教育,-
2177,优趣汇控股,-
2178,瑞科生物－B,2022年3月31日
2179,百勤油服,-
2180,万宝盛华大中华,-
2181,迈博药业,-
2182,天长集团,-
2183,利福地产,-
2186,绿叶制药,-
2188,泰坦能源技术,-
2189,嘉涛（香港）控股,-
2190,归创通桥,-
2191,顺丰房托,-
2192,医脉通,-
2193,万景控股,-
2195,盈汇企业控股,-
2196,复星医药,-
2197,三叶草生物-B,-
2198,中国三江化工,-
2199,维珍妮国际,-
2202,万科企业,-
2203,脑洞科技,-
2205,康悦桥生活,-
2207,融信服务,-
2208,金风科技,-
2209,喆丽控股,-
2211,大健康国际,-
2212,高鹏矿业,-
2213,益华控股,-
2216,堃博医疗,-
2217,谭仔国际,-
2215,德信服务集团,-
2218,安德利果汁,-
2219,朝聚眼科,-
2221,创业集团控股,-
2222,雷士照明,-
2223,卡撒天娇,-
2225,今海国际,-
2226,老恒和酿造,-
2227,守益控股,-
2228,中国节能海东青,-
2230,羚邦集团,-
2231,景业名邦集团,-
2232,晶苑国际,-
2233,西部水泥,-
2237,中国石墨,2022年7月18日
2238,广汽集团,-
2239,国微技术,-
2245,力勤资源,2022年12月1日
2246,快狗打车,2022年6月24日
2250,德盈控股,-
2252,微创机器人,-
2255,海昌海洋公园,-
2256,和誉-B,-
2258,华滋国际海洋,-
2260,环龙控股,-
2262,梁志天设计集团,-
2266,黎氏企业,-
2269,药明生物科技,-
2271,众安智慧生活,2023年7月18日
2273,固生堂,2021年12月10日
2276,康耐德光学,2021年12月16日
2278,海蓝控股,2016年7月15日
2279,雍禾医疗,2021年12月13日
2280,慧聪集团,2003年12月17日
2281,兴泸水务,2017年3月31日
2282,美高梅中国,2011年6月3日
2283,东江集团控股,2013年12月20日
2285,泉峰控股,2021年12月30日
2286,辰兴发展,2015年7月3日
2288,宏基资本,2009年8月21日
2289,创美药业,2015年12月14日
2292,晋安实业,2018年1月16日
2293,百本医护,-
2295,丰城控股,-
2296,华记环球集团,2019年11月21日
2297,润迈德医疗,2022年7月8日
2298,都市丽人,2014年6月26日
2299,百宏实业,2011年5月18日
2302,中核国际,2003年1月6日
2306,乐华娱乐,2023年1月19日
2307,锦兴国际控股,2004年9月23日
2308,研祥智能,-
2309,伯明翰体育,2002年11月12日
2310,申基国际,2003年7月4日
2312,中国金融租赁,2002年10月28日
2313,申洲国际,2005年11月24日
2314,理文造纸,2003年9月26日
2315,百奥赛图,2022年9月1日
2316,利福中国,-
2317,味丹国际,2003年6月27日
2318,中国平安,2004年6月24日
2319,蒙牛乳业,2004年6月10日
2320,合丰集团,2003年9月24日
2321,双财庄,2022年8月19日
2322,香港潮商集团,2003年4月9日
2323,港桥金融,-
2324,首都创投,-
2325,云康集团,2022年5月18日
2326,百灵达国际控股,-
2327,美瑞健康国际,-
2328,中国财险,-
2329,国瑞置业,-
2330,中国上城,-
2331,李宁有限公司,-
2333,长城汽车,-
2336,海亮国际,-
2337,众诚能源,-
2338,潍柴动力,-
2339,京西重工国际,-
2340,新昌管理集团,-
2341,中怡国际,-
2342,京信通信,-
2343,太平洋航运,-
2347,友和集团,2022年6月10日
2348,东瑞制药,-
2349,中国城市基础设施,-
2350,数科集团,2022年9月26日
2352,东原仁知服务,2022年4月29日
2355,宝业集团,-
2356,大新银行集团,-
2357,中航科工,-
2358,久融控股,-
2359,药明康德,-
2360,优品360,2019年1月11日
2361,中康控股,2022年7月12日
2362,金川国际,-
2366,星美文化,-
2368,鹰美国际,-
2369,酷派集团,-
2370,力高健康生活,2022年3月31日
2371,中国创联教育,-
2372,伟立控股,2022年6月30日
2373,美丽田园,2023年1月16日
2376,鲁商服务,2022年7月8日
2378,保诚,-
2379,中天国际,-
2380,中国电力,-
2381,蚬壳电业,-
2382,舜宇光学科技,-
2383,TOM集团,-
2385,读书郎,2022年7月12日
2386,中石化炼化工程,-
2388,中银香港（控股）,2002年7月25日
2389,北控医疗健康产业,-
2390,知乎,2022年4月22日
2391,涂鸦智能,2022年7月5日
2392,玄武云,2022年7月8日
2393,巨星国际控股,-
2398,友佳国际,-
2399,虎都,-
2400,心动,-
2402,亿华通,2023年1月12日
2407,高视医疗,2022年12月12日
2409,洲际船务,2023年3月29日
2411,百果园集团,2023年1月16日
2415,梅斯健康,2023年4月27日
2416,易点云,2023年5月24日
2418,德银天下,2022年7月15日
2421,嘉创地产,2023年3月23日
2422,润歌互动,2022年10月18日
2425,澳亚集团,2022年12月30日
2427,Guanze Medical,2022年12月29日
2423,贝壳-W,2022年5月11日
2436,凌雄科技,2022年11月24日
2440,濠璟科技,2022年12月12日
2442,怡俊集团控股,2023年5月9日
2450,淮北绿金股份,2023年1月20日
2455,润华生活服务,2023年1月17日
2457,步阳国际,2022年12月15日
2458,望尘科技,2023年1月16日
2459,升能集团,2023年1月17日
2469,粉笔,2023年1月9日
2480,绿竹生物-B,2023年5月8日
2482,维天运通,2023年3月9日
2486,普乐师集团,-
2488,元征科技,-
2500,启明医疗-B,-
2518,汽车之家-S,2021年3月15日
2552,华领医药,-
2558,晋商银行,-
2588,中银航空租赁,-
2599,祥生服务集团,-
2600,中国铝业,-
2601,中国太保,-
2602,万物云,2022年9月29日
2607,上海医药,-
2608,阳光100中国,-
2611,国泰君安,-
2616,基石药业,-
2618,京东物流,-
2623,中盛资源,-
2628,中国人寿,-
2633,雅各臣科研药业,-
2638,港灯电力投资,-
2660,禅游科技,-
2662,美好发展,2005年12月14日
2663,应力控股,-
2666,环球医疗,2015年7月8日
2668,百德国际,-
2669,中海物业,-
2678,天虹纺织,-
2680,创陞控股,-
2683,华新手袋国际控股,-
2686,亚美能源,-
2688,新奥能源,-
2689,玖龙纸业,-
2696,复宏汉霖,-
2698,魏桥纺织,-
2699,新明中国,-
2700,格林国际控股,-
2708,艾伯科技,-
2718,东正金融,-
2722,重庆机电,-
2727,上海电气,-
2728,裕华能源,-
2738,华津国际控股,-
2768,佳源国际控股,-
2772,中梁控股,-
2777,富力地产,-
2778,冠君产业信托,-
2779,新华教育,-
2788,精熙国际,-
2789,远大中国,-
2798,久泰邦达能源,-
2799,中国华融,-
2858,易鑫集团,-
2863,高丰集团,-
2866,中海集运,-
2868,首创置业,-
2869,绿城服务,-
2877,神威药业,-
2878,晶门科技,-
2880,大连港,-
2882,香港资源控股,-
2883,中海油田服务,-
2885,彼岸控股,-
2886,滨海投资,-
2888,渣打集团,-
2898,龙润茶,-
2899,紫金矿业,-
2900-2999,上市公司供股权/临时交易编号,-
3300,中国玻璃,-
3301,融信中国,-
3302,光控精技,-
3303,巨涛海洋石油服务,-
3306,江南布衣,-
3308,金鹰商贸集团,-
3309,希玛眼科,-
3311,中国建筑国际,-
3313,雅高控股,-
3315,金邦达宝嘉,-
3316,滨江服务,-
3318,中国香精香料,-
3319,雅生活服务,-
3320,华润医药,-
3321,伟鸿集团控股,-
3322,永嘉集团,-
3323,中国建材,-
3326,保发集团,-
3328,交通银行,-
3329,交银国际,-
3330,灵宝黄金,-
3331,维达国际,-
3332,中生联合,-
3333,中国恒大集团,-
3336,巨腾国际,-
3337,安东油田服务,-
3339,中国龙工,-
3344,共享集团,-
3347,泰格医药,-
3348,中国鹏飞集团,-
3358,荣威国际,-
3360,远东宏信,-
3369,秦皇岛港,-
3363,正业国际,-
3366,华侨城（亚洲）,-
3368,百盛集团,-
3377,远洋地产,-
3378,厦门港务,-
3380,龙光地产,-
3382,天津港发展,-
3383,雅居乐地产,-
3389,亨得利,-
3390,满贯集团,-
3393,威胜集团,-
3395,Persta Resources,-
3396,联想控股,-
3398,华鼎控股,-
3399,粤运交通,-
3600,现代牙科,-
3601,鲁大师,-
3603,信基沙溪,-
3606,福耀玻璃,-
3608,永盛新材料,-
3611,花房集团,2022年12月12日
3613,同仁堂国药,-
3618,北控城市资源,-
3623,中国金融发展,-
3626,恒生(兆保)国际,-
3628,仁恒实业,-
3633,中裕燃气,-
3636,保利文化,-
3638,晶芯科技,-
3639,亿达中国,-
3650,Keep,2023年7月12日
3658,新希望服务,-
3660,360数科,2022年11月29日
3662,奥园健康,-
3663,协众国际,-
3666,国际天食,-
3668,兖煤澳大利亚,-
3669,永达汽车,-
3678,弘业期货,-
3680,索信达控股,-
3681,中国抗体,-
3683,荣丰联合,-
3686,祈福生活服务,-
3688,莱蒙国际集团,-
3689,广东康华医疗,-
3690,美团点评,-
3692,翰森制药,-
3698,徽商银行,-
3699,光大永年,-
3700,映客,-
3708,日成控股,-
3709,珂莱蒂尔,-
3718,北控城市资源,-
3737,中智药业,-
3738,阜博集团,-
3759,康龙化成,-
3768,滇池水务,-
3773,年年卡,-
3788,中国罕王,-
3789,御佳控股,-
3798,家乡互动,-
3799,达利食品,-
3800,保利协鑫能源,-
3808,中国重汽 (香港),-
3813,宝胜国际,-
3816,KFM金德,-
3818,中国动向,-
3822,三和建筑集团,-
3823,德普科技,-
3828,明辉国际,-
3830,童园国际,-
3833,新疆新鑫矿业,-
3836,和谐新能源汽车,-
3838,中国淀粉,-
3839,正大企业国际,-
3848,富道集团,-
3866,青岛银行,-
3869,弘和仁爱医疗,-
3877,中船租赁,-
3878,Vicon Holdings,-
3882,天彩控股,-
3883,中国奥园地产,-
3886,康健国际,-
3888,金山软件,-
3889,大成糖业,-
3893,易纬集团,-
3896,金山云,2022年12月30日
3898,中车时代电气,-
3899,中集安瑞科,-
3900,绿城中国,-
3903,瀚华金控,-
3908,中国国际金融股份,-
3913,合景悠活,-
3918,金界控股,-
3919,金力集团,-
3928,S&T Holdings,-
3931,中创新航,-
3933,联邦制药,-
3938,LFG投资控股,-
3939,万国国际矿业,-
3948,伊泰煤炭,-
3958,东方证券,-
3963,融众金融,-
3968,招商银行,-
3969,中国通号,-
3978,卓越教育集团,-
3983,中海石油化学,-
3988,中国银行,-
3989,首创环境,-
3990,美的置业,-
3991,长虹佳华,-
3992,创毅控股,-
3993,洛阳钼业,-
3996,中能建设,-
3997,电讯首科,-
3998,波司登,-
3999,大成食品,-
4332,安进,-
4333,思科系统公司,-
4335,英特尔,-
4336,应用材料公司,-
4337,星巴克,-
4338,微软,-
6030,中信证券,-
6033,电讯数码,-
6036,光丽科技,-
6038,信越控股,-
6049,保利物业,-
6055,中烟香港,-
6058,众安保险,-
6060,兴证国际,-
6063,智中国际,-
6066,中信建投证券,-
6068,睿见教育,-
6078,海吉亚医疗,-
6080,荣智控股,-
6083,环宇物流（亚洲）,-
6088,鸿腾六零八八精密,-
6090,胜捷企业,-
6098,碧桂园服务,-
6093,和泓服务,-
6099,招商证券,-
6100,有才天下猎聘,-
6108,新锐医药,-
6110,滔搏国际,-
6111,大发地产,-
6113,UTS Marketing,-
6116,拉夏贝尔,-
6117,日照港裕廊,-
6118,奥星生命科技,-
6119,天源集团,-
6122,九台农商银行,-
6123,圆通速递国际,-
6127,昭衍新药,-
6128,烯石电车新材料,-
6133,维太移动,-
6136,康达环保,-
6138,哈尔滨银行,-
6158,正荣地产,-
6160,百济神州-B,-
6161,泰加保险,-
6162,天瑞汽车装饰,-
6163,彭顺国际,-
6166,中国宏泰发展,-
6169,宇华教育,-
6178,光大证券,-
6182,乙德投资控股,-
6183,中国绿宝,-
6185,康希诺生物-B,-
6186,中国飞鹤,-
6188,迪信通,-
6189,爱得威建设集团,-
6190,九江银行,-
6193,泰林科建,-
6196,郑州银行,-
6198,青岛港,-
6199,贵州银行,-
6600,赛生药业,-
6601,朝云集团,-
6606,诺辉健康,-
6608,百融云创,-
6618,京东健康,-
6622,兆科眼科,-
6623,陆金所,2023年4月14日
6626,越秀服务,-
6638,金融壹账通,2022年7月4日
6639,瑞尔集团,-
6661,湖州燃气,2022年7月13日
6663,国际永胜,-
6665,华新水泥,2022年3月28日
6666,恒大物业,-
6667,美因基因,2022年6月22日
6669,先瑞达医疗,-
6677,远洋服务,-
6678,百德医疗,2022年10月5日
6680,金力永磁,-
6683,巨星传奇,2023年7月13日
6686,诺亚控股,2022年7月13日
6689,洪九果品,2022年9月5日
6690,海尔智家,-
6696,多想云,2022年11月9日
6698,星空华文,2022年12月29日
6699,时代天使,-
6805,金茂源环保,-
6806,申万宏源,-
6808,高鑫零售,-
6811,太兴集团,-
6812,永顺控股香港,-
6816,瑞港建设,-
6818,中国光大银行,-
6819,中智全球,-
6820,友谊时光,-
6822,科劲国际,-
6823,香港电讯信托,-
6826,昊海生物科技,-
6828,蓝天威力,-
6829,龙昇集团控股,-
6830,华众车载,-
6833,兴科蓉医药,-
6836,天韵国际,-
6837,海通证券,-
6838,盈利时,-
6839,云南水务,-
6855,亚盛医药 - B,-
6858,本间高尔夫,-
6860,指尖悦动,-
6862,海底捞国际,-
6865,福莱特玻璃,-
6866,佐力小贷,-
6868,天福茗茶,-
6869,长飞光纤光缆,-
6877,昆仑国际金融,-
6878,鼎丰集团控股,-
6880,腾邦控股,-
6881,中国银河,-
6882,东瀛游,-
6885,金马能源,-
6886,华泰证券,-
6888,英达公路再生科技,-
6889,Dynam Japan Holdings,-
6890,康利国际,-
6893,衍生集团,-
6896,金嗓子,-
6898,中国铝罐,-
6899,联众,-
6900,上坤地产,-
6908,宏光半导体,-
6909,百得利控股,-
6913,华南职业教育,-
6918,奇士达,-
6919,人才人瑞科技,-
6922,康沣生物,2022年12月30日
6929,业聚医疗,2022年12月23日
6933,新娱科控股,-
6939,美佳音控股,-
6955,博安生物,2022年12月30日
6963,阳光保险集团,2022年12月9日
6966,中国万桐园,-
6968,港龙中国地产,-
6969,思摩尔国际,-
6978,永泰生物,-
6979,珍酒李渡,2023年4月27日
6988,乐享互动,-
6989,卓越商企服务,-
6900,上坤地产,-
6990,科伦博泰生物－Ｂ,-
6993,蓝月亮,-
6996,德琪医药,-
6998,嘉和生物,-
6999,领地控股,-
7801,Interra Acquisition,2022年9月15日
7827,Vision Deal,2022年6月10日
7836,Aqulia Acquisition,2022年3月18日
7841,汇德收购,2022年8月15日
7855,TechStar Acquisition,2022年12月23日
8001,东方汇财证券,2014年1月15日
8003,世大控股,1999年12月2日
8005,裕兴科技,2000年1月31日
8006,中国华泰瑞银,-
8007,环球战略,-
8009,华夏能源,-
8011,百田石油国际,-
8013,ECI Technology,-
8017,捷利交易宝,-
8018,汇财金融,-
8019,皓文控股,-
8020,宏海控股集团,-
8021,汇隆控股,-
8022,永耀集团,-
8023,邝文记,-
8025,亚洲资产,-
8026,长达健康,-
8027,吉辉控股,-
8028,天时软件,-
8029,太阳国际,-
8030,汇联金融服务,-
8031,易通讯,-
8032,非凡中国,-
8033,爱达利网络,-
8035,骏高控股,-
8036,电子交易集团,-
8037,锐康药业,-
8039,KNK Holdings,-
8040,DCB 控股,-
8041,荟萃国际 (控股),-
8043,Atlinks Group,-
8045,南大苏富特,-
8047,中国海洋捕捞,-
8048,御德国际控股,-
8049,吉林长龙药业,-
8050,量子思维,-
8051,讯智海国际,-
8052,陆庆娱乐,-
8053,比优集团,-
8055,中国网络教育,-
8056,饮食概念,-
8057,麦迪森酒业,-
8059,朝威控股,-
8060,国联通信,-
8062,俊盟国际,-
8063,环球大通集团,-
8065,高萌科技,-
8066,品创控股,-
8067,东方大学城,-
8069,纵横游控股,-
8070,侨洋国际控股,-
8071,中彩网通控股,-
8072,罗马集团,-
8073,兴业新材料,-
8075,寰亚传媒,-
8076,新利软件,-
8078,HMV数码中国集团,-
8079,易还财务,-
8080,北亚策略,-
8081,互娱中国文化投资,-
8082,仁智国际集团,-
8083,中国有赞,-
8086,Dx.com Holdings,-
8087,中国三三传媒,-
8089,华人策略,-
8090,中国融保金融集团,-
8091,奥传思维控股,-
8092,ITE Holdings,-
8093,爱特丽皮革,-
8095,北大青鸟环宇,-
8098,昌利（控股）,-
8100,智易控股,-
8101,家梦控股,-
8103,HMVOD视频(前称 万泰企业股份),-
8106,浙大兰德,-
8107,威诚国际,-
8108,福泽集团,-
8111,中科光电,-
8112,Focus Media,-
8113,扬宇科技,-
8115,上海青浦消防,-
8116,中国幸福投资,-
8117,中国基础能源,-
8118,濠亮环球,-
8119,即时科研,-
8120,中国神农投资,-
8121,超凡网络,-
8123,首华财经网络,-
8125,中持基业,-
8126,G.A.控股,-
8128,中国地能,-
8130,智城控股,-
8131,辰罡科技,-
8132,中油港燃,-
8133,所罗门环球控股,-
8136,英马斯集团,-
8137,洪桥集团,-
8139,长安仁恒科技,-
8140,人和科技,-
8142,德利机械,-
8143,华夏医疗,-
8146,怡园酒业,-
8147,汇思太平洋,-
8148,奥柏中国,-
8149,浩德控股,-
8150,无缝绿色,-
8151,宝申控股,-
8152,明梁控股,-
8153,科地农业,-
8155,南华置地,-
8156,众彩股份,-
8157,象兴国际,-
8158,中国再生医学,-
8159,辉煌科技,-
8160,金汇教育,-
8161,医汇集团,-
8162,港银控股,-
8163,万德金融,-
8165,华普智通,-
8166,中国农业生态,-
8167,中国新电信,-
8169,环康集团,-
8170,全民国际,-
8171,中国趋势,-
8172,拉近网娱,-
8173,万亚企业,-
8176,超人智能,-
8178,中国信息科技,-
8179,百利达集团,-
8181,港深联合,-
8183,尚捷集团,-
8186,同仁资源,-
8187,积木集团,-
8188,骏杰集团控股,-
8189,泰达生物,-
8190,康佰控股,-
8191,鸿伟亚洲,-
8192,环球能源资源,-
8193,汉华专业服务,-
8195,创天传承,-
8196,建禹集团,-
8197,东北虎药业,-
8198,乐透互娱,-
8199,中国万桐园,-
8200,修身堂,-
8201,宝联控股,-
8202,汇创控股,-
8203,凯顺能源,-
8205,交大慧谷,-
8206,神通电信服务,-
8207,中国信贷,-
8208,WMCH Global,-
8210,衍汇亚洲,-
8211,浙江永隆实业,-
8212,誉满国际,-
8213,新智控股,-
8215,第一信用控股,-
8216,丰城,-
8217,联旺集团,-
8218,毅高国际控股,-
8219,恒伟集团控股,-
8221,PF Group Holdings,-
8220,比高集团,-
8222,壹照明,-
8223,紫元元,-
8225,中国医疗,-
8226,树熊金融集团,-
8227,海天天线,-
8228,国艺娱乐,-
8229,Future Data,-
8230,中国宇天,-
8231,节能元件,-
8232,Classified Group,-
8235,赛迪顾问,-
8236,宝德科技集团,-
8237,华星控股,-
8238,惠陶集团,-
8239,首都金融,-
8241,英记茶庄,-
8242,宏创高科,-
8243,大贺传媒,-
8245,安悦国际控股,-
8246,中华燃气(前称 北方新能源),-
8247,中生北控生物科技,-
8249,瑞远智控,-
8250,丝路能源,-
8251,优越集团控股,-
8252,泰和小贷,-
8255,神州数字,-
8256,金利通,-
8257,靖洋集团,-
8258,西北实业,-
8259,HON Corporation,-
8262,宏强控股,-
8265,宏峰太平洋,-
8266,卓信国际控股,-
8267,蓝港互动,-
8268,迪臣建设,-
8269,富誉控股,-
8270,中国煤层气,-
8271,环球数码创意,-
8275,永勤集团控股,-
8277,骏东控股,-
8279,亚博科技控股,-
8280,中国数字视频,-
8281,中国金典集团,-
8282,智傲控股,-
8283,正力控股,-
8285,森浩集团,-
8286,长城微光,-
8287,ZIONCOM,-
8290,亚势备份,-
8291,万成金属包装,-
8292,盛良物流,-
8293,星亚控股,-
8295,中植资本国际,-
8296,中国生命集团,-
8297,芭迪贝伊,-
8299,大唐潼金,-
8300,皇玺餐饮,2016年8月8日
8301,明华科技,2004年7月7日
8305,棠记控股,2018年7月4日
8307,密迪斯肌,2014年12月18日
8308,古兜控股,2016年12月9日
8309,万成环球控股,2017年4月13日
8310,大丰港和顺科技,2013年8月22日
8311,圆美光电,2014年2月7日
8313,杰地集团,2018年1月16日
8315,冠辉保安,2014年8月20日
8316,柏荣集团控股,2015年8月10日
8317,财华社集团,2005年1月7日
8318,正利控股,-
8319,思博系统,2016年4月12日
8320,沛然环保,2016年10月17日
8321,泰锦控股,2016年10月28日
8325,中国支付通,2009年8月28日
8326,同景新能源,2013年11月21日
8328,信义储电,2016年7月11日
8329,海王英特龙,2005年9月12日
8331,倍搏集团,2015年12月29日
8333,阿仕特朗金融,2016年7月14日
8337,直通电讯,2010年6月2日
8340,域高金融,2008年5月20日
8341,艾硕控股,2017年1月13日
8342,飞思达科技,-
8343,宏光照明,-
8347,F8企业,2017年4月12日
8348,天津滨海泰达物流,2008年4月30日
8349,美固科技控股,2017年1月13日
8350,骏溢环球金融,2018年1月12日
8351,俊文宝石,2009年10月7日
8352,成安控股,-
8353,安科系统,2016年12月16日
8355,超智能控股,-
8356,中国新华电视,2010年8月30日
8357,Republic Healthcare,2018年6月15日
8360,利骏集团香港,2016年7月12日
8362,运兴泰集团,2017年6月30日
8363,SDM Group,2014年10月14日
8365,建泉国际控股,2017年5月26日
8366,浙江联合投资,2015年11月2日
8367,倩碧控股,2018年2月26日
8368,中国创意控股,2015年11月18日
8370,智昇集团控股,2017年1月20日
8371,尝高美集团,2018年1月17日
8372,君百延集团,2018年3月29日
8373,靛蓝星,2017年11月16日
8375,弘浩国际控股,2017年11月13日
8376,方圆房服集团,-
8377,申酉控股,2017年12月15日
8379,汇安智能,2018年2月14日
8383,东骏控股,2017年9月15日
8385,万里印刷,2017年12月13日
8391,精雅印刷集团,2018年5月11日
8392,舍图控股,2017年10月16日
8395,齐家控股,2018年1月25日
8400,亚洲先锋娱乐,2017年11月15日
8401,源想集团,2018年3月28日
8402,GT Steel Group,2017年11月17日
8403,天平道合,2018年6月12日
8405,恒智控股,2017年7月12日
8406,中国口腔产业,2017年12月7日
8410,安领国际,-
8411,K W Nelson Group,2016年12月8日
8412,新爱德集团,2017年4月7日
8413,亚洲杂货,2017年4月13日
8416,HM Intl Hldgs,2017年1月11日
8417,大地教育,2017年2月16日
8418,傲迪玛汽车,2019年10月11日
8419,AV策划推广,2017年12月21日
8420,Nexion Tech,2017年6月16日
8422,WT集团,2017年12月28日
8423,潪澔发展,2017年3月13日
8425,兴铭控股,2017年3月15日
8426,雅居投资控股,2017年11月10日
8427,瑞强集团,2017年7月19日
8428,国茂控股,2017年2月15日
8429,华美乐乐,2017年12月8日
8430,春能控股,2017年10月18日
8431,浩柏国际,2017年5月26日
8432,太平洋酒吧,2017年1月11日
8436,德宝集团,2017年10月27日
8437,德斯控股,2017年10月13日
8439,新百利融资,2017年3月28日
8441,国际永胜集团,2019年10月22日
8445,怡康泰工程集团,2017年9月29日
8446,ITP Holdings,2017年6月14日
8447,MS Concept,2018年4月16日
8448,环球印馆,2018年3月28日
8450,钜京控股,2018年2月2日
8451,日光控股,2018年4月16日
8452,富银融资股份,2017年5月23日
8455,礼建德集团,2017年4月12日
8456,民信国际控股,2018年1月26日
8457,健升物流中国,-
8460,基地锦标集团,2017年6月27日
8462,中安控股,2017年7月17日
8463,TOMO Holdings,-
8465,高科桥,2017年7月20日
8469,盛业资本,-
8471,新达控股,2017年7月21日
8472,立高控股,2017年7月18日
8473,弥明生活百货,2018年2月12日
8475,千盛集团,2018年8月13日
8476,大洋环球控股,2017年10月19日
8479,金泰丰国际控股,2018年1月17日
8480,飞霓控股,2017年10月16日
8481,盛龙锦秀国际,2017年7月17日
8482,万励达国际,2018年9月5日
8483,名仕快相,2018年2月28日
8485,竣球控股,2017年12月28日
8487,ISP Global,2018年1月16日
8489,裕程物流,2021年1月13日
8490,骏码科技,2018年5月30日
8491,Cool Link,2017年9月22日
8493,龙皇集团,2018年1月16日
8495,1957 & Co.,2017年12月5日
8496,环球友饮智能,2020年5月18日
8500,天泓文创,2020年1月14日
8501,庄皇集团,2018年1月4日
8502,远航港口,2018年7月10日
8506,倢冠控股,-
8507,爱世纪集团,2018年4月16日
8509,威扬酒业控股,2018年1月12日
8510,Top Standard,2018年2月13日
8511,民富国际,2018年4月20日
8512,凯富善集团控股,2018年7月19日
8513,迎宏控股,2018年1月19日
8516,广骏集团,2018年10月15日
8519,佳民集团,2018年2月8日
8521,智纺国际控股,2018年5月16日
8523,常满控股,2018年2月12日
8525,百应租赁,2018年7月18日
8526,荣丰亚洲,2018年2月27日
8527,聚利宝控股,2018年5月9日
8532,宝发控股,2018年2月23日
8535,荧德控股,2018年2月12日
8536,TL Natural Gas,2018年5月18日
8537,Dominate Group Holdings,2019年3月27日
8540,胜利证券,2018年7月16日
8545,佰侻集团,2018年5月31日
8547,Pacific Legend,2018年7月18日
8601,宝燵控股,2018年9月13日
8603,亮晴控股,2018年10月15日
8606,倢冠控股,2018年7月16日
8607,纳尼亚集团,2019年2月26日
8609,永续农业,2018年9月7日
8611,Mindtell Technology,2018年10月22日
8612,维亮控股,2019年7月12日
8613,东方支付集团控股,2018年10月16日
8616,新威工程集团,2020年4月23日
8617,永联丰控股,2019年11月15日
8619,WAC Holdings,2018年9月17日
8620,亚洲速运,2020年4月20日
8621,信都租赁,2018年12月12日
8622,华康生物医学,2018年12月13日
8623,中国蜀塔,2020年7月10日
8627,旅橙文化,2019年11月14日
8631,申港控股,2019年1月8日
8635,连成科技集团,2019年5月2日
8645,Nomad Technology,2019年12月9日
8646,中国宏光,2020年1月13日
8657,True Partner,2020年10月16日
8659,易和国际控股,2020年7月13日
8668,瀛海集团,2019年9月26日
9600,新纽科技,2021年1月6日
9608,宋都服务,2021年1月18日
9616,东软教育科技,2020年9月29日
9618,京东,2020年6月18日
9626,哔哩哔哩,2021年3月29日
9633,农夫山泉,2020年9月8日
9636,九方财富,2023年3月10日
9638,法拉帝,2021年3月31日
9658,特海国际,2022年12月30日
9666,金科服务,2020年11月17日
9668,渤海银行,2020年7月16日
9669,北森控股,2023年4月13日
9677,威海市商业银行,2020年10月12日
9688,再鼎医药,2020年9月28日
9696,天齐锂业,2022年7月13日
9698,万国数据,2020年11月2日
9699,顺丰同城,2021年12月14日
9857,柠萌影业,2022年8月10日
9858,优然牧业,2021年6月18日
9860,艾迪康控股,2023年6月30日
9863,零跑汽车,2022年9月29日
9866,蔚来汽车,2022年3月10日
9868,小鹏汽车,2021年7月7日
9869,海伦司,2021年9月10日
9885,药师帮,2023年6月28日
9886,叮当健康,2022年9月14日
9888,百度,2021年3月23日
9889,东莞农村商业银行,2021年9月29日
9896,名创优品,2022年7月13日
9899,云音乐,2021年12月2日
9900,德益控股,-
9901,新东方,2020年11月9日
9906,宏力医疗管理,2020年7月13日
9908,嘉兴燃气,2020年7月16日
9909,宝龙商业,2019年12月30日
9911,赤子城科技,2019年12月31日
9913,智勤控股,2020年8月14日
9916,兴业物联,2020年3月9日
9918,丽年国际,2020年1月10日
9919,艾德韦宣集团,2020年1月16日
9922,九毛九,2020年1月15日
9923,移卡,2020年6月1日
9926,康方生物科技,2020年4月24日
9928,时代邻里,2019年12月19日
9929,澳达控股,2020年2月14日
9933,GHW INTL,2020年1月21日
9936,稀美资源,2020年3月12日
9938,华和控股,2020年1月17日
9939,开拓药业-B,2020年5月22日
9955,智云健康,2022年7月6日
9956,安能物流,2021年11月11日
9958,力天影业,2020年6月22日
9959,联易融科技,2021年4月9日
9960,康圣环球,2021年7月16日
9961,携程集团-S,2021年4月19日
9963,高科桥,2017年7月20日
9966,康宁杰瑞制药,2019年12月12日
9968,汇景控股,2020年1月16日
9969,诺诚健华-B,2020年3月23日
9977,凤祥股份,2020年7月16日
9978,方圆生活服务,-
9979,绿城管理,2020年7月10日
9982,中原建业,2021年5月31日
9983,建业新生活,2020年5月15日
9985,卫龙,2022年12月15日
9986,大山教育,2020年7月15日
9987,百胜中国,2020年9月10日
9988,阿里巴巴集团,2019年11月26日
9989,海普瑞,2020年7月8日
9990,祖龙娱乐,2020年7月15日
9991,宝尊电商,2020年9月29日
9992,泡泡玛特,2020年12月11日
9993,金辉控股,2020年10月29日
9995,荣昌生物,2020年11月9日
9996,沛嘉医疗,2020年5月15日
9997,康基医疗,2020年6月29日
9998,光荣控股,2020年1月8日
9999,网易-S,2020年6月11日
